timestamp,node_id,protocol,destination,next_hop,metric
1,0,AODV,0.0.0.0,0.0.0.0,0
1,1,AODV,0.0.0.0,0.0.0.0,0
1,2,AODV,0.0.0.0,0.0.0.0,0
1,3,AODV,0.0.0.0,0.0.0.0,0
1,4,AODV,0.0.0.0,0.0.0.0,0
1,5,AODV,0.0.0.0,0.0.0.0,0
1,6,AODV,0.0.0.0,0.0.0.0,0
1,7,AODV,0.0.0.0,0.0.0.0,0
1,8,AODV,0.0.0.0,0.0.0.0,0
1,9,AODV,0.0.0.0,0.0.0.0,0
1,10,AODV,0.0.0.0,0.0.0.0,0
1,11,AODV,0.0.0.0,0.0.0.0,0
1,12,AODV,0.0.0.0,0.0.0.0,0
1,13,AODV,0.0.0.0,0.0.0.0,0
1,14,AODV,0.0.0.0,0.0.0.0,0
1,15,AODV,0.0.0.0,0.0.0.0,0
1,16,AODV,0.0.0.0,0.0.0.0,0
1,17,AODV,0.0.0.0,0.0.0.0,0
1,18,AODV,0.0.0.0,0.0.0.0,0
1,19,AODV,0.0.0.0,0.0.0.0,0
1,20,AODV,0.0.0.0,0.0.0.0,0
1,21,AODV,0.0.0.0,0.0.0.0,0
1,22,AODV,0.0.0.0,0.0.0.0,0
1,23,AODV,0.0.0.0,0.0.0.0,0
1,24,AODV,0.0.0.0,0.0.0.0,0
1,25,AODV,0.0.0.0,0.0.0.0,0
1,26,AODV,0.0.0.0,0.0.0.0,0
1,27,AODV,0.0.0.0,0.0.0.0,0
1,28,AODV,0.0.0.0,0.0.0.0,0
1,29,AODV,0.0.0.0,0.0.0.0,0
1,30,AODV,0.0.0.0,0.0.0.0,0
1,31,AODV,0.0.0.0,0.0.0.0,0
1,32,AODV,0.0.0.0,0.0.0.0,0
1,33,AODV,0.0.0.0,0.0.0.0,0
1,34,AODV,0.0.0.0,0.0.0.0,0
2,0,AODV,0.0.0.0,0.0.0.0,0
2,1,AODV,0.0.0.0,0.0.0.0,0
2,2,AODV,0.0.0.0,0.0.0.0,0
2,3,AODV,0.0.0.0,0.0.0.0,0
2,4,AODV,0.0.0.0,0.0.0.0,0
2,5,AODV,0.0.0.0,0.0.0.0,0
2,6,AODV,0.0.0.0,0.0.0.0,0
2,7,AODV,0.0.0.0,0.0.0.0,0
2,8,AODV,0.0.0.0,0.0.0.0,0
2,9,AODV,0.0.0.0,0.0.0.0,0
2,10,AODV,0.0.0.0,0.0.0.0,0
2,11,AODV,0.0.0.0,0.0.0.0,0
2,12,AODV,0.0.0.0,0.0.0.0,0
2,13,AODV,0.0.0.0,0.0.0.0,0
2,14,AODV,0.0.0.0,0.0.0.0,0
2,15,AODV,0.0.0.0,0.0.0.0,0
2,16,AODV,0.0.0.0,0.0.0.0,0
2,17,AODV,0.0.0.0,0.0.0.0,0
2,18,AODV,0.0.0.0,0.0.0.0,0
2,19,AODV,0.0.0.0,0.0.0.0,0
2,20,AODV,0.0.0.0,0.0.0.0,0
2,21,AODV,0.0.0.0,0.0.0.0,0
2,22,AODV,0.0.0.0,0.0.0.0,0
2,23,AODV,0.0.0.0,0.0.0.0,0
2,24,AODV,0.0.0.0,0.0.0.0,0
2,25,AODV,0.0.0.0,0.0.0.0,0
2,26,AODV,0.0.0.0,0.0.0.0,0
2,27,AODV,0.0.0.0,0.0.0.0,0
2,28,AODV,0.0.0.0,0.0.0.0,0
2,29,AODV,0.0.0.0,0.0.0.0,0
2,30,AODV,0.0.0.0,0.0.0.0,0
2,31,AODV,0.0.0.0,0.0.0.0,0
2,32,AODV,0.0.0.0,0.0.0.0,0
2,33,AODV,0.0.0.0,0.0.0.0,0
2,34,AODV,0.0.0.0,0.0.0.0,0
3,0,AODV,0.0.0.0,0.0.0.0,0
3,1,AODV,0.0.0.0,0.0.0.0,0
3,2,AODV,0.0.0.0,0.0.0.0,0
3,3,AODV,0.0.0.0,0.0.0.0,0
3,4,AODV,0.0.0.0,0.0.0.0,0
3,5,AODV,0.0.0.0,0.0.0.0,0
3,6,AODV,0.0.0.0,0.0.0.0,0
3,7,AODV,0.0.0.0,0.0.0.0,0
3,8,AODV,0.0.0.0,0.0.0.0,0
3,9,AODV,0.0.0.0,0.0.0.0,0
3,10,AODV,0.0.0.0,0.0.0.0,0
3,11,AODV,0.0.0.0,0.0.0.0,0
3,12,AODV,0.0.0.0,0.0.0.0,0
3,13,AODV,0.0.0.0,0.0.0.0,0
3,14,AODV,0.0.0.0,0.0.0.0,0
3,15,AODV,0.0.0.0,0.0.0.0,0
3,16,AODV,0.0.0.0,0.0.0.0,0
3,17,AODV,0.0.0.0,0.0.0.0,0
3,18,AODV,0.0.0.0,0.0.0.0,0
3,19,AODV,0.0.0.0,0.0.0.0,0
3,20,AODV,0.0.0.0,0.0.0.0,0
3,21,AODV,0.0.0.0,0.0.0.0,0
3,22,AODV,0.0.0.0,0.0.0.0,0
3,23,AODV,0.0.0.0,0.0.0.0,0
3,24,AODV,0.0.0.0,0.0.0.0,0
3,25,AODV,0.0.0.0,0.0.0.0,0
3,26,AODV,0.0.0.0,0.0.0.0,0
3,27,AODV,0.0.0.0,0.0.0.0,0
3,28,AODV,0.0.0.0,0.0.0.0,0
3,29,AODV,0.0.0.0,0.0.0.0,0
3,30,AODV,0.0.0.0,0.0.0.0,0
3,31,AODV,0.0.0.0,0.0.0.0,0
3,32,AODV,0.0.0.0,0.0.0.0,0
3,33,AODV,0.0.0.0,0.0.0.0,0
3,34,AODV,0.0.0.0,0.0.0.0,0
4,0,AODV,0.0.0.0,0.0.0.0,0
4,1,AODV,0.0.0.0,0.0.0.0,0
4,2,AODV,0.0.0.0,0.0.0.0,0
4,3,AODV,0.0.0.0,0.0.0.0,0
4,4,AODV,0.0.0.0,0.0.0.0,0
4,5,AODV,0.0.0.0,0.0.0.0,0
4,6,AODV,0.0.0.0,0.0.0.0,0
4,7,AODV,0.0.0.0,0.0.0.0,0
4,8,AODV,0.0.0.0,0.0.0.0,0
4,9,AODV,0.0.0.0,0.0.0.0,0
4,10,AODV,0.0.0.0,0.0.0.0,0
4,11,AODV,0.0.0.0,0.0.0.0,0
4,12,AODV,0.0.0.0,0.0.0.0,0
4,13,AODV,0.0.0.0,0.0.0.0,0
4,14,AODV,0.0.0.0,0.0.0.0,0
4,15,AODV,0.0.0.0,0.0.0.0,0
4,16,AODV,0.0.0.0,0.0.0.0,0
4,17,AODV,0.0.0.0,0.0.0.0,0
4,18,AODV,0.0.0.0,0.0.0.0,0
4,19,AODV,0.0.0.0,0.0.0.0,0
4,20,AODV,0.0.0.0,0.0.0.0,0
4,21,AODV,0.0.0.0,0.0.0.0,0
4,22,AODV,0.0.0.0,0.0.0.0,0
4,23,AODV,0.0.0.0,0.0.0.0,0
4,24,AODV,0.0.0.0,0.0.0.0,0
4,25,AODV,0.0.0.0,0.0.0.0,0
4,26,AODV,0.0.0.0,0.0.0.0,0
4,27,AODV,0.0.0.0,0.0.0.0,0
4,28,AODV,0.0.0.0,0.0.0.0,0
4,29,AODV,0.0.0.0,0.0.0.0,0
4,30,AODV,0.0.0.0,0.0.0.0,0
4,31,AODV,0.0.0.0,0.0.0.0,0
4,32,AODV,0.0.0.0,0.0.0.0,0
4,33,AODV,0.0.0.0,0.0.0.0,0
4,34,AODV,0.0.0.0,0.0.0.0,0
5,0,AODV,0.0.0.0,0.0.0.0,0
5,1,AODV,0.0.0.0,0.0.0.0,0
5,2,AODV,0.0.0.0,0.0.0.0,0
5,3,AODV,0.0.0.0,0.0.0.0,0
5,4,AODV,0.0.0.0,0.0.0.0,0
5,5,AODV,0.0.0.0,0.0.0.0,0
5,6,AODV,0.0.0.0,0.0.0.0,0
5,7,AODV,0.0.0.0,0.0.0.0,0
5,8,AODV,0.0.0.0,0.0.0.0,0
5,9,AODV,0.0.0.0,0.0.0.0,0
5,10,AODV,0.0.0.0,0.0.0.0,0
5,11,AODV,0.0.0.0,0.0.0.0,0
5,12,AODV,0.0.0.0,0.0.0.0,0
5,13,AODV,0.0.0.0,0.0.0.0,0
5,14,AODV,0.0.0.0,0.0.0.0,0
5,15,AODV,0.0.0.0,0.0.0.0,0
5,16,AODV,0.0.0.0,0.0.0.0,0
5,17,AODV,0.0.0.0,0.0.0.0,0
5,18,AODV,0.0.0.0,0.0.0.0,0
5,19,AODV,0.0.0.0,0.0.0.0,0
5,20,AODV,0.0.0.0,0.0.0.0,0
5,21,AODV,0.0.0.0,0.0.0.0,0
5,22,AODV,0.0.0.0,0.0.0.0,0
5,23,AODV,0.0.0.0,0.0.0.0,0
5,24,AODV,0.0.0.0,0.0.0.0,0
5,25,AODV,0.0.0.0,0.0.0.0,0
5,26,AODV,0.0.0.0,0.0.0.0,0
5,27,AODV,0.0.0.0,0.0.0.0,0
5,28,AODV,0.0.0.0,0.0.0.0,0
5,29,AODV,0.0.0.0,0.0.0.0,0
5,30,AODV,0.0.0.0,0.0.0.0,0
5,31,AODV,0.0.0.0,0.0.0.0,0
5,32,AODV,0.0.0.0,0.0.0.0,0
5,33,AODV,0.0.0.0,0.0.0.0,0
5,34,AODV,0.0.0.0,0.0.0.0,0
6,0,AODV,0.0.0.0,0.0.0.0,0
6,1,AODV,0.0.0.0,0.0.0.0,0
6,2,AODV,0.0.0.0,0.0.0.0,0
6,3,AODV,0.0.0.0,0.0.0.0,0
6,4,AODV,0.0.0.0,0.0.0.0,0
6,5,AODV,0.0.0.0,0.0.0.0,0
6,6,AODV,0.0.0.0,0.0.0.0,0
6,7,AODV,0.0.0.0,0.0.0.0,0
6,8,AODV,0.0.0.0,0.0.0.0,0
6,9,AODV,0.0.0.0,0.0.0.0,0
6,10,AODV,0.0.0.0,0.0.0.0,0
6,11,AODV,0.0.0.0,0.0.0.0,0
6,12,AODV,0.0.0.0,0.0.0.0,0
6,13,AODV,0.0.0.0,0.0.0.0,0
6,14,AODV,0.0.0.0,0.0.0.0,0
6,15,AODV,0.0.0.0,0.0.0.0,0
6,16,AODV,0.0.0.0,0.0.0.0,0
6,17,AODV,0.0.0.0,0.0.0.0,0
6,18,AODV,0.0.0.0,0.0.0.0,0
6,19,AODV,0.0.0.0,0.0.0.0,0
6,20,AODV,0.0.0.0,0.0.0.0,0
6,21,AODV,0.0.0.0,0.0.0.0,0
6,22,AODV,0.0.0.0,0.0.0.0,0
6,23,AODV,0.0.0.0,0.0.0.0,0
6,24,AODV,0.0.0.0,0.0.0.0,0
6,25,AODV,0.0.0.0,0.0.0.0,0
6,26,AODV,0.0.0.0,0.0.0.0,0
6,27,AODV,0.0.0.0,0.0.0.0,0
6,28,AODV,0.0.0.0,0.0.0.0,0
6,29,AODV,0.0.0.0,0.0.0.0,0
6,30,AODV,0.0.0.0,0.0.0.0,0
6,31,AODV,0.0.0.0,0.0.0.0,0
6,32,AODV,0.0.0.0,0.0.0.0,0
6,33,AODV,0.0.0.0,0.0.0.0,0
6,34,AODV,0.0.0.0,0.0.0.0,0
7,0,AODV,0.0.0.0,0.0.0.0,0
7,1,AODV,0.0.0.0,0.0.0.0,0
7,2,AODV,0.0.0.0,0.0.0.0,0
7,3,AODV,0.0.0.0,0.0.0.0,0
7,4,AODV,0.0.0.0,0.0.0.0,0
7,5,AODV,0.0.0.0,0.0.0.0,0
7,6,AODV,0.0.0.0,0.0.0.0,0
7,7,AODV,0.0.0.0,0.0.0.0,0
7,8,AODV,0.0.0.0,0.0.0.0,0
7,9,AODV,0.0.0.0,0.0.0.0,0
7,10,AODV,0.0.0.0,0.0.0.0,0
7,11,AODV,0.0.0.0,0.0.0.0,0
7,12,AODV,0.0.0.0,0.0.0.0,0
7,13,AODV,0.0.0.0,0.0.0.0,0
7,14,AODV,0.0.0.0,0.0.0.0,0
7,15,AODV,0.0.0.0,0.0.0.0,0
7,16,AODV,0.0.0.0,0.0.0.0,0
7,17,AODV,0.0.0.0,0.0.0.0,0
7,18,AODV,0.0.0.0,0.0.0.0,0
7,19,AODV,0.0.0.0,0.0.0.0,0
7,20,AODV,0.0.0.0,0.0.0.0,0
7,21,AODV,0.0.0.0,0.0.0.0,0
7,22,AODV,0.0.0.0,0.0.0.0,0
7,23,AODV,0.0.0.0,0.0.0.0,0
7,24,AODV,0.0.0.0,0.0.0.0,0
7,25,AODV,0.0.0.0,0.0.0.0,0
7,26,AODV,0.0.0.0,0.0.0.0,0
7,27,AODV,0.0.0.0,0.0.0.0,0
7,28,AODV,0.0.0.0,0.0.0.0,0
7,29,AODV,0.0.0.0,0.0.0.0,0
7,30,AODV,0.0.0.0,0.0.0.0,0
7,31,AODV,0.0.0.0,0.0.0.0,0
7,32,AODV,0.0.0.0,0.0.0.0,0
7,33,AODV,0.0.0.0,0.0.0.0,0
7,34,AODV,0.0.0.0,0.0.0.0,0
8,0,AODV,0.0.0.0,0.0.0.0,0
8,1,AODV,0.0.0.0,0.0.0.0,0
8,2,AODV,0.0.0.0,0.0.0.0,0
8,3,AODV,0.0.0.0,0.0.0.0,0
8,4,AODV,0.0.0.0,0.0.0.0,0
8,5,AODV,0.0.0.0,0.0.0.0,0
8,6,AODV,0.0.0.0,0.0.0.0,0
8,7,AODV,0.0.0.0,0.0.0.0,0
8,8,AODV,0.0.0.0,0.0.0.0,0
8,9,AODV,0.0.0.0,0.0.0.0,0
8,10,AODV,0.0.0.0,0.0.0.0,0
8,11,AODV,0.0.0.0,0.0.0.0,0
8,12,AODV,0.0.0.0,0.0.0.0,0
8,13,AODV,0.0.0.0,0.0.0.0,0
8,14,AODV,0.0.0.0,0.0.0.0,0
8,15,AODV,0.0.0.0,0.0.0.0,0
8,16,AODV,0.0.0.0,0.0.0.0,0
8,17,AODV,0.0.0.0,0.0.0.0,0
8,18,AODV,0.0.0.0,0.0.0.0,0
8,19,AODV,0.0.0.0,0.0.0.0,0
8,20,AODV,0.0.0.0,0.0.0.0,0
8,21,AODV,0.0.0.0,0.0.0.0,0
8,22,AODV,0.0.0.0,0.0.0.0,0
8,23,AODV,0.0.0.0,0.0.0.0,0
8,24,AODV,0.0.0.0,0.0.0.0,0
8,25,AODV,0.0.0.0,0.0.0.0,0
8,26,AODV,0.0.0.0,0.0.0.0,0
8,27,AODV,0.0.0.0,0.0.0.0,0
8,28,AODV,0.0.0.0,0.0.0.0,0
8,29,AODV,0.0.0.0,0.0.0.0,0
8,30,AODV,0.0.0.0,0.0.0.0,0
8,31,AODV,0.0.0.0,0.0.0.0,0
8,32,AODV,0.0.0.0,0.0.0.0,0
8,33,AODV,0.0.0.0,0.0.0.0,0
8,34,AODV,0.0.0.0,0.0.0.0,0
9,0,AODV,0.0.0.0,0.0.0.0,0
9,1,AODV,0.0.0.0,0.0.0.0,0
9,2,AODV,0.0.0.0,0.0.0.0,0
9,3,AODV,0.0.0.0,0.0.0.0,0
9,4,AODV,0.0.0.0,0.0.0.0,0
9,5,AODV,0.0.0.0,0.0.0.0,0
9,6,AODV,0.0.0.0,0.0.0.0,0
9,7,AODV,0.0.0.0,0.0.0.0,0
9,8,AODV,0.0.0.0,0.0.0.0,0
9,9,AODV,0.0.0.0,0.0.0.0,0
9,10,AODV,0.0.0.0,0.0.0.0,0
9,11,AODV,0.0.0.0,0.0.0.0,0
9,12,AODV,0.0.0.0,0.0.0.0,0
9,13,AODV,0.0.0.0,0.0.0.0,0
9,14,AODV,0.0.0.0,0.0.0.0,0
9,15,AODV,0.0.0.0,0.0.0.0,0
9,16,AODV,0.0.0.0,0.0.0.0,0
9,17,AODV,0.0.0.0,0.0.0.0,0
9,18,AODV,0.0.0.0,0.0.0.0,0
9,19,AODV,0.0.0.0,0.0.0.0,0
9,20,AODV,0.0.0.0,0.0.0.0,0
9,21,AODV,0.0.0.0,0.0.0.0,0
9,22,AODV,0.0.0.0,0.0.0.0,0
9,23,AODV,0.0.0.0,0.0.0.0,0
9,24,AODV,0.0.0.0,0.0.0.0,0
9,25,AODV,0.0.0.0,0.0.0.0,0
9,26,AODV,0.0.0.0,0.0.0.0,0
9,27,AODV,0.0.0.0,0.0.0.0,0
9,28,AODV,0.0.0.0,0.0.0.0,0
9,29,AODV,0.0.0.0,0.0.0.0,0
9,30,AODV,0.0.0.0,0.0.0.0,0
9,31,AODV,0.0.0.0,0.0.0.0,0
9,32,AODV,0.0.0.0,0.0.0.0,0
9,33,AODV,0.0.0.0,0.0.0.0,0
9,34,AODV,0.0.0.0,0.0.0.0,0
10,0,AODV,0.0.0.0,0.0.0.0,0
10,1,AODV,0.0.0.0,0.0.0.0,0
10,2,AODV,0.0.0.0,0.0.0.0,0
10,3,AODV,0.0.0.0,0.0.0.0,0
10,4,AODV,0.0.0.0,0.0.0.0,0
10,5,AODV,0.0.0.0,0.0.0.0,0
10,6,AODV,0.0.0.0,0.0.0.0,0
10,7,AODV,0.0.0.0,0.0.0.0,0
10,8,AODV,0.0.0.0,0.0.0.0,0
10,9,AODV,0.0.0.0,0.0.0.0,0
10,10,AODV,0.0.0.0,0.0.0.0,0
10,11,AODV,0.0.0.0,0.0.0.0,0
10,12,AODV,0.0.0.0,0.0.0.0,0
10,13,AODV,0.0.0.0,0.0.0.0,0
10,14,AODV,0.0.0.0,0.0.0.0,0
10,15,AODV,0.0.0.0,0.0.0.0,0
10,16,AODV,0.0.0.0,0.0.0.0,0
10,17,AODV,0.0.0.0,0.0.0.0,0
10,18,AODV,0.0.0.0,0.0.0.0,0
10,19,AODV,0.0.0.0,0.0.0.0,0
10,20,AODV,0.0.0.0,0.0.0.0,0
10,21,AODV,0.0.0.0,0.0.0.0,0
10,22,AODV,0.0.0.0,0.0.0.0,0
10,23,AODV,0.0.0.0,0.0.0.0,0
10,24,AODV,0.0.0.0,0.0.0.0,0
10,25,AODV,0.0.0.0,0.0.0.0,0
10,26,AODV,0.0.0.0,0.0.0.0,0
10,27,AODV,0.0.0.0,0.0.0.0,0
10,28,AODV,0.0.0.0,0.0.0.0,0
10,29,AODV,0.0.0.0,0.0.0.0,0
10,30,AODV,0.0.0.0,0.0.0.0,0
10,31,AODV,0.0.0.0,0.0.0.0,0
10,32,AODV,0.0.0.0,0.0.0.0,0
10,33,AODV,0.0.0.0,0.0.0.0,0
10,34,AODV,0.0.0.0,0.0.0.0,0
11,0,AODV,0.0.0.0,0.0.0.0,0
11,1,AODV,0.0.0.0,0.0.0.0,0
11,2,AODV,0.0.0.0,0.0.0.0,0
11,3,AODV,0.0.0.0,0.0.0.0,0
11,4,AODV,0.0.0.0,0.0.0.0,0
11,5,AODV,0.0.0.0,0.0.0.0,0
11,6,AODV,0.0.0.0,0.0.0.0,0
11,7,AODV,0.0.0.0,0.0.0.0,0
11,8,AODV,0.0.0.0,0.0.0.0,0
11,9,AODV,0.0.0.0,0.0.0.0,0
11,10,AODV,0.0.0.0,0.0.0.0,0
11,11,AODV,0.0.0.0,0.0.0.0,0
11,12,AODV,0.0.0.0,0.0.0.0,0
11,13,AODV,0.0.0.0,0.0.0.0,0
11,14,AODV,0.0.0.0,0.0.0.0,0
11,15,AODV,0.0.0.0,0.0.0.0,0
11,16,AODV,0.0.0.0,0.0.0.0,0
11,17,AODV,0.0.0.0,0.0.0.0,0
11,18,AODV,0.0.0.0,0.0.0.0,0
11,19,AODV,0.0.0.0,0.0.0.0,0
11,20,AODV,0.0.0.0,0.0.0.0,0
11,21,AODV,0.0.0.0,0.0.0.0,0
11,22,AODV,0.0.0.0,0.0.0.0,0
11,23,AODV,0.0.0.0,0.0.0.0,0
11,24,AODV,0.0.0.0,0.0.0.0,0
11,25,AODV,0.0.0.0,0.0.0.0,0
11,26,AODV,0.0.0.0,0.0.0.0,0
11,27,AODV,0.0.0.0,0.0.0.0,0
11,28,AODV,0.0.0.0,0.0.0.0,0
11,29,AODV,0.0.0.0,0.0.0.0,0
11,30,AODV,0.0.0.0,0.0.0.0,0
11,31,AODV,0.0.0.0,0.0.0.0,0
11,32,AODV,0.0.0.0,0.0.0.0,0
11,33,AODV,0.0.0.0,0.0.0.0,0
11,34,AODV,0.0.0.0,0.0.0.0,0
12,0,AODV,0.0.0.0,0.0.0.0,0
12,1,AODV,0.0.0.0,0.0.0.0,0
12,2,AODV,0.0.0.0,0.0.0.0,0
12,3,AODV,0.0.0.0,0.0.0.0,0
12,4,AODV,0.0.0.0,0.0.0.0,0
12,5,AODV,0.0.0.0,0.0.0.0,0
12,6,AODV,0.0.0.0,0.0.0.0,0
12,7,AODV,0.0.0.0,0.0.0.0,0
12,8,AODV,0.0.0.0,0.0.0.0,0
12,9,AODV,0.0.0.0,0.0.0.0,0
12,10,AODV,0.0.0.0,0.0.0.0,0
12,11,AODV,0.0.0.0,0.0.0.0,0
12,12,AODV,0.0.0.0,0.0.0.0,0
12,13,AODV,0.0.0.0,0.0.0.0,0
12,14,AODV,0.0.0.0,0.0.0.0,0
12,15,AODV,0.0.0.0,0.0.0.0,0
12,16,AODV,0.0.0.0,0.0.0.0,0
12,17,AODV,0.0.0.0,0.0.0.0,0
12,18,AODV,0.0.0.0,0.0.0.0,0
12,19,AODV,0.0.0.0,0.0.0.0,0
12,20,AODV,0.0.0.0,0.0.0.0,0
12,21,AODV,0.0.0.0,0.0.0.0,0
12,22,AODV,0.0.0.0,0.0.0.0,0
12,23,AODV,0.0.0.0,0.0.0.0,0
12,24,AODV,0.0.0.0,0.0.0.0,0
12,25,AODV,0.0.0.0,0.0.0.0,0
12,26,AODV,0.0.0.0,0.0.0.0,0
12,27,AODV,0.0.0.0,0.0.0.0,0
12,28,AODV,0.0.0.0,0.0.0.0,0
12,29,AODV,0.0.0.0,0.0.0.0,0
12,30,AODV,0.0.0.0,0.0.0.0,0
12,31,AODV,0.0.0.0,0.0.0.0,0
12,32,AODV,0.0.0.0,0.0.0.0,0
12,33,AODV,0.0.0.0,0.0.0.0,0
12,34,AODV,0.0.0.0,0.0.0.0,0
13,0,AODV,0.0.0.0,0.0.0.0,0
13,1,AODV,0.0.0.0,0.0.0.0,0
13,2,AODV,0.0.0.0,0.0.0.0,0
13,3,AODV,0.0.0.0,0.0.0.0,0
13,4,AODV,0.0.0.0,0.0.0.0,0
13,5,AODV,0.0.0.0,0.0.0.0,0
13,6,AODV,0.0.0.0,0.0.0.0,0
13,7,AODV,0.0.0.0,0.0.0.0,0
13,8,AODV,0.0.0.0,0.0.0.0,0
13,9,AODV,0.0.0.0,0.0.0.0,0
13,10,AODV,0.0.0.0,0.0.0.0,0
13,11,AODV,0.0.0.0,0.0.0.0,0
13,12,AODV,0.0.0.0,0.0.0.0,0
13,13,AODV,0.0.0.0,0.0.0.0,0
13,14,AODV,0.0.0.0,0.0.0.0,0
13,15,AODV,0.0.0.0,0.0.0.0,0
13,16,AODV,0.0.0.0,0.0.0.0,0
13,17,AODV,0.0.0.0,0.0.0.0,0
13,18,AODV,0.0.0.0,0.0.0.0,0
13,19,AODV,0.0.0.0,0.0.0.0,0
13,20,AODV,0.0.0.0,0.0.0.0,0
13,21,AODV,0.0.0.0,0.0.0.0,0
13,22,AODV,0.0.0.0,0.0.0.0,0
13,23,AODV,0.0.0.0,0.0.0.0,0
13,24,AODV,0.0.0.0,0.0.0.0,0
13,25,AODV,0.0.0.0,0.0.0.0,0
13,26,AODV,0.0.0.0,0.0.0.0,0
13,27,AODV,0.0.0.0,0.0.0.0,0
13,28,AODV,0.0.0.0,0.0.0.0,0
13,29,AODV,0.0.0.0,0.0.0.0,0
13,30,AODV,0.0.0.0,0.0.0.0,0
13,31,AODV,0.0.0.0,0.0.0.0,0
13,32,AODV,0.0.0.0,0.0.0.0,0
13,33,AODV,0.0.0.0,0.0.0.0,0
13,34,AODV,0.0.0.0,0.0.0.0,0
14,0,AODV,0.0.0.0,0.0.0.0,0
14,1,AODV,0.0.0.0,0.0.0.0,0
14,2,AODV,0.0.0.0,0.0.0.0,0
14,3,AODV,0.0.0.0,0.0.0.0,0
14,4,AODV,0.0.0.0,0.0.0.0,0
14,5,AODV,0.0.0.0,0.0.0.0,0
14,6,AODV,0.0.0.0,0.0.0.0,0
14,7,AODV,0.0.0.0,0.0.0.0,0
14,8,AODV,0.0.0.0,0.0.0.0,0
14,9,AODV,0.0.0.0,0.0.0.0,0
14,10,AODV,0.0.0.0,0.0.0.0,0
14,11,AODV,0.0.0.0,0.0.0.0,0
14,12,AODV,0.0.0.0,0.0.0.0,0
14,13,AODV,0.0.0.0,0.0.0.0,0
14,14,AODV,0.0.0.0,0.0.0.0,0
14,15,AODV,0.0.0.0,0.0.0.0,0
14,16,AODV,0.0.0.0,0.0.0.0,0
14,17,AODV,0.0.0.0,0.0.0.0,0
14,18,AODV,0.0.0.0,0.0.0.0,0
14,19,AODV,0.0.0.0,0.0.0.0,0
14,20,AODV,0.0.0.0,0.0.0.0,0
14,21,AODV,0.0.0.0,0.0.0.0,0
14,22,AODV,0.0.0.0,0.0.0.0,0
14,23,AODV,0.0.0.0,0.0.0.0,0
14,24,AODV,0.0.0.0,0.0.0.0,0
14,25,AODV,0.0.0.0,0.0.0.0,0
14,26,AODV,0.0.0.0,0.0.0.0,0
14,27,AODV,0.0.0.0,0.0.0.0,0
14,28,AODV,0.0.0.0,0.0.0.0,0
14,29,AODV,0.0.0.0,0.0.0.0,0
14,30,AODV,0.0.0.0,0.0.0.0,0
14,31,AODV,0.0.0.0,0.0.0.0,0
14,32,AODV,0.0.0.0,0.0.0.0,0
14,33,AODV,0.0.0.0,0.0.0.0,0
14,34,AODV,0.0.0.0,0.0.0.0,0
15,0,AODV,0.0.0.0,0.0.0.0,0
15,1,AODV,0.0.0.0,0.0.0.0,0
15,2,AODV,0.0.0.0,0.0.0.0,0
15,3,AODV,0.0.0.0,0.0.0.0,0
15,4,AODV,0.0.0.0,0.0.0.0,0
15,5,AODV,0.0.0.0,0.0.0.0,0
15,6,AODV,0.0.0.0,0.0.0.0,0
15,7,AODV,0.0.0.0,0.0.0.0,0
15,8,AODV,0.0.0.0,0.0.0.0,0
15,9,AODV,0.0.0.0,0.0.0.0,0
15,10,AODV,0.0.0.0,0.0.0.0,0
15,11,AODV,0.0.0.0,0.0.0.0,0
15,12,AODV,0.0.0.0,0.0.0.0,0
15,13,AODV,0.0.0.0,0.0.0.0,0
15,14,AODV,0.0.0.0,0.0.0.0,0
15,15,AODV,0.0.0.0,0.0.0.0,0
15,16,AODV,0.0.0.0,0.0.0.0,0
15,17,AODV,0.0.0.0,0.0.0.0,0
15,18,AODV,0.0.0.0,0.0.0.0,0
15,19,AODV,0.0.0.0,0.0.0.0,0
15,20,AODV,0.0.0.0,0.0.0.0,0
15,21,AODV,0.0.0.0,0.0.0.0,0
15,22,AODV,0.0.0.0,0.0.0.0,0
15,23,AODV,0.0.0.0,0.0.0.0,0
15,24,AODV,0.0.0.0,0.0.0.0,0
15,25,AODV,0.0.0.0,0.0.0.0,0
15,26,AODV,0.0.0.0,0.0.0.0,0
15,27,AODV,0.0.0.0,0.0.0.0,0
15,28,AODV,0.0.0.0,0.0.0.0,0
15,29,AODV,0.0.0.0,0.0.0.0,0
15,30,AODV,0.0.0.0,0.0.0.0,0
15,31,AODV,0.0.0.0,0.0.0.0,0
15,32,AODV,0.0.0.0,0.0.0.0,0
15,33,AODV,0.0.0.0,0.0.0.0,0
15,34,AODV,0.0.0.0,0.0.0.0,0
16,0,AODV,0.0.0.0,0.0.0.0,0
16,1,AODV,0.0.0.0,0.0.0.0,0
16,2,AODV,0.0.0.0,0.0.0.0,0
16,3,AODV,0.0.0.0,0.0.0.0,0
16,4,AODV,0.0.0.0,0.0.0.0,0
16,5,AODV,0.0.0.0,0.0.0.0,0
16,6,AODV,0.0.0.0,0.0.0.0,0
16,7,AODV,0.0.0.0,0.0.0.0,0
16,8,AODV,0.0.0.0,0.0.0.0,0
16,9,AODV,0.0.0.0,0.0.0.0,0
16,10,AODV,0.0.0.0,0.0.0.0,0
16,11,AODV,0.0.0.0,0.0.0.0,0
16,12,AODV,0.0.0.0,0.0.0.0,0
16,13,AODV,0.0.0.0,0.0.0.0,0
16,14,AODV,0.0.0.0,0.0.0.0,0
16,15,AODV,0.0.0.0,0.0.0.0,0
16,16,AODV,0.0.0.0,0.0.0.0,0
16,17,AODV,0.0.0.0,0.0.0.0,0
16,18,AODV,0.0.0.0,0.0.0.0,0
16,19,AODV,0.0.0.0,0.0.0.0,0
16,20,AODV,0.0.0.0,0.0.0.0,0
16,21,AODV,0.0.0.0,0.0.0.0,0
16,22,AODV,0.0.0.0,0.0.0.0,0
16,23,AODV,0.0.0.0,0.0.0.0,0
16,24,AODV,0.0.0.0,0.0.0.0,0
16,25,AODV,0.0.0.0,0.0.0.0,0
16,26,AODV,0.0.0.0,0.0.0.0,0
16,27,AODV,0.0.0.0,0.0.0.0,0
16,28,AODV,0.0.0.0,0.0.0.0,0
16,29,AODV,0.0.0.0,0.0.0.0,0
16,30,AODV,0.0.0.0,0.0.0.0,0
16,31,AODV,0.0.0.0,0.0.0.0,0
16,32,AODV,0.0.0.0,0.0.0.0,0
16,33,AODV,0.0.0.0,0.0.0.0,0
16,34,AODV,0.0.0.0,0.0.0.0,0
17,0,AODV,0.0.0.0,0.0.0.0,0
17,1,AODV,0.0.0.0,0.0.0.0,0
17,2,AODV,0.0.0.0,0.0.0.0,0
17,3,AODV,0.0.0.0,0.0.0.0,0
17,4,AODV,0.0.0.0,0.0.0.0,0
17,5,AODV,0.0.0.0,0.0.0.0,0
17,6,AODV,0.0.0.0,0.0.0.0,0
17,7,AODV,0.0.0.0,0.0.0.0,0
17,8,AODV,0.0.0.0,0.0.0.0,0
17,9,AODV,0.0.0.0,0.0.0.0,0
17,10,AODV,0.0.0.0,0.0.0.0,0
17,11,AODV,0.0.0.0,0.0.0.0,0
17,12,AODV,0.0.0.0,0.0.0.0,0
17,13,AODV,0.0.0.0,0.0.0.0,0
17,14,AODV,0.0.0.0,0.0.0.0,0
17,15,AODV,0.0.0.0,0.0.0.0,0
17,16,AODV,0.0.0.0,0.0.0.0,0
17,17,AODV,0.0.0.0,0.0.0.0,0
17,18,AODV,0.0.0.0,0.0.0.0,0
17,19,AODV,0.0.0.0,0.0.0.0,0
17,20,AODV,0.0.0.0,0.0.0.0,0
17,21,AODV,0.0.0.0,0.0.0.0,0
17,22,AODV,0.0.0.0,0.0.0.0,0
17,23,AODV,0.0.0.0,0.0.0.0,0
17,24,AODV,0.0.0.0,0.0.0.0,0
17,25,AODV,0.0.0.0,0.0.0.0,0
17,26,AODV,0.0.0.0,0.0.0.0,0
17,27,AODV,0.0.0.0,0.0.0.0,0
17,28,AODV,0.0.0.0,0.0.0.0,0
17,29,AODV,0.0.0.0,0.0.0.0,0
17,30,AODV,0.0.0.0,0.0.0.0,0
17,31,AODV,0.0.0.0,0.0.0.0,0
17,32,AODV,0.0.0.0,0.0.0.0,0
17,33,AODV,0.0.0.0,0.0.0.0,0
17,34,AODV,0.0.0.0,0.0.0.0,0
18,0,AODV,0.0.0.0,0.0.0.0,0
18,1,AODV,0.0.0.0,0.0.0.0,0
18,2,AODV,0.0.0.0,0.0.0.0,0
18,3,AODV,0.0.0.0,0.0.0.0,0
18,4,AODV,0.0.0.0,0.0.0.0,0
18,5,AODV,0.0.0.0,0.0.0.0,0
18,6,AODV,0.0.0.0,0.0.0.0,0
18,7,AODV,0.0.0.0,0.0.0.0,0
18,8,AODV,0.0.0.0,0.0.0.0,0
18,9,AODV,0.0.0.0,0.0.0.0,0
18,10,AODV,0.0.0.0,0.0.0.0,0
18,11,AODV,0.0.0.0,0.0.0.0,0
18,12,AODV,0.0.0.0,0.0.0.0,0
18,13,AODV,0.0.0.0,0.0.0.0,0
18,14,AODV,0.0.0.0,0.0.0.0,0
18,15,AODV,0.0.0.0,0.0.0.0,0
18,16,AODV,0.0.0.0,0.0.0.0,0
18,17,AODV,0.0.0.0,0.0.0.0,0
18,18,AODV,0.0.0.0,0.0.0.0,0
18,19,AODV,0.0.0.0,0.0.0.0,0
18,20,AODV,0.0.0.0,0.0.0.0,0
18,21,AODV,0.0.0.0,0.0.0.0,0
18,22,AODV,0.0.0.0,0.0.0.0,0
18,23,AODV,0.0.0.0,0.0.0.0,0
18,24,AODV,0.0.0.0,0.0.0.0,0
18,25,AODV,0.0.0.0,0.0.0.0,0
18,26,AODV,0.0.0.0,0.0.0.0,0
18,27,AODV,0.0.0.0,0.0.0.0,0
18,28,AODV,0.0.0.0,0.0.0.0,0
18,29,AODV,0.0.0.0,0.0.0.0,0
18,30,AODV,0.0.0.0,0.0.0.0,0
18,31,AODV,0.0.0.0,0.0.0.0,0
18,32,AODV,0.0.0.0,0.0.0.0,0
18,33,AODV,0.0.0.0,0.0.0.0,0
18,34,AODV,0.0.0.0,0.0.0.0,0
19,0,AODV,0.0.0.0,0.0.0.0,0
19,1,AODV,0.0.0.0,0.0.0.0,0
19,2,AODV,0.0.0.0,0.0.0.0,0
19,3,AODV,0.0.0.0,0.0.0.0,0
19,4,AODV,0.0.0.0,0.0.0.0,0
19,5,AODV,0.0.0.0,0.0.0.0,0
19,6,AODV,0.0.0.0,0.0.0.0,0
19,7,AODV,0.0.0.0,0.0.0.0,0
19,8,AODV,0.0.0.0,0.0.0.0,0
19,9,AODV,0.0.0.0,0.0.0.0,0
19,10,AODV,0.0.0.0,0.0.0.0,0
19,11,AODV,0.0.0.0,0.0.0.0,0
19,12,AODV,0.0.0.0,0.0.0.0,0
19,13,AODV,0.0.0.0,0.0.0.0,0
19,14,AODV,0.0.0.0,0.0.0.0,0
19,15,AODV,0.0.0.0,0.0.0.0,0
19,16,AODV,0.0.0.0,0.0.0.0,0
19,17,AODV,0.0.0.0,0.0.0.0,0
19,18,AODV,0.0.0.0,0.0.0.0,0
19,19,AODV,0.0.0.0,0.0.0.0,0
19,20,AODV,0.0.0.0,0.0.0.0,0
19,21,AODV,0.0.0.0,0.0.0.0,0
19,22,AODV,0.0.0.0,0.0.0.0,0
19,23,AODV,0.0.0.0,0.0.0.0,0
19,24,AODV,0.0.0.0,0.0.0.0,0
19,25,AODV,0.0.0.0,0.0.0.0,0
19,26,AODV,0.0.0.0,0.0.0.0,0
19,27,AODV,0.0.0.0,0.0.0.0,0
19,28,AODV,0.0.0.0,0.0.0.0,0
19,29,AODV,0.0.0.0,0.0.0.0,0
19,30,AODV,0.0.0.0,0.0.0.0,0
19,31,AODV,0.0.0.0,0.0.0.0,0
19,32,AODV,0.0.0.0,0.0.0.0,0
19,33,AODV,0.0.0.0,0.0.0.0,0
19,34,AODV,0.0.0.0,0.0.0.0,0
20,0,AODV,0.0.0.0,0.0.0.0,0
20,1,AODV,0.0.0.0,0.0.0.0,0
20,2,AODV,0.0.0.0,0.0.0.0,0
20,3,AODV,0.0.0.0,0.0.0.0,0
20,4,AODV,0.0.0.0,0.0.0.0,0
20,5,AODV,0.0.0.0,0.0.0.0,0
20,6,AODV,0.0.0.0,0.0.0.0,0
20,7,AODV,0.0.0.0,0.0.0.0,0
20,8,AODV,0.0.0.0,0.0.0.0,0
20,9,AODV,0.0.0.0,0.0.0.0,0
20,10,AODV,0.0.0.0,0.0.0.0,0
20,11,AODV,0.0.0.0,0.0.0.0,0
20,12,AODV,0.0.0.0,0.0.0.0,0
20,13,AODV,0.0.0.0,0.0.0.0,0
20,14,AODV,0.0.0.0,0.0.0.0,0
20,15,AODV,0.0.0.0,0.0.0.0,0
20,16,AODV,0.0.0.0,0.0.0.0,0
20,17,AODV,0.0.0.0,0.0.0.0,0
20,18,AODV,0.0.0.0,0.0.0.0,0
20,19,AODV,0.0.0.0,0.0.0.0,0
20,20,AODV,0.0.0.0,0.0.0.0,0
20,21,AODV,0.0.0.0,0.0.0.0,0
20,22,AODV,0.0.0.0,0.0.0.0,0
20,23,AODV,0.0.0.0,0.0.0.0,0
20,24,AODV,0.0.0.0,0.0.0.0,0
20,25,AODV,0.0.0.0,0.0.0.0,0
20,26,AODV,0.0.0.0,0.0.0.0,0
20,27,AODV,0.0.0.0,0.0.0.0,0
20,28,AODV,0.0.0.0,0.0.0.0,0
20,29,AODV,0.0.0.0,0.0.0.0,0
20,30,AODV,0.0.0.0,0.0.0.0,0
20,31,AODV,0.0.0.0,0.0.0.0,0
20,32,AODV,0.0.0.0,0.0.0.0,0
20,33,AODV,0.0.0.0,0.0.0.0,0
20,34,AODV,0.0.0.0,0.0.0.0,0
21,0,AODV,0.0.0.0,0.0.0.0,0
21,1,AODV,0.0.0.0,0.0.0.0,0
21,2,AODV,0.0.0.0,0.0.0.0,0
21,3,AODV,0.0.0.0,0.0.0.0,0
21,4,AODV,0.0.0.0,0.0.0.0,0
21,5,AODV,0.0.0.0,0.0.0.0,0
21,6,AODV,0.0.0.0,0.0.0.0,0
21,7,AODV,0.0.0.0,0.0.0.0,0
21,8,AODV,0.0.0.0,0.0.0.0,0
21,9,AODV,0.0.0.0,0.0.0.0,0
21,10,AODV,0.0.0.0,0.0.0.0,0
21,11,AODV,0.0.0.0,0.0.0.0,0
21,12,AODV,0.0.0.0,0.0.0.0,0
21,13,AODV,0.0.0.0,0.0.0.0,0
21,14,AODV,0.0.0.0,0.0.0.0,0
21,15,AODV,0.0.0.0,0.0.0.0,0
21,16,AODV,0.0.0.0,0.0.0.0,0
21,17,AODV,0.0.0.0,0.0.0.0,0
21,18,AODV,0.0.0.0,0.0.0.0,0
21,19,AODV,0.0.0.0,0.0.0.0,0
21,20,AODV,0.0.0.0,0.0.0.0,0
21,21,AODV,0.0.0.0,0.0.0.0,0
21,22,AODV,0.0.0.0,0.0.0.0,0
21,23,AODV,0.0.0.0,0.0.0.0,0
21,24,AODV,0.0.0.0,0.0.0.0,0
21,25,AODV,0.0.0.0,0.0.0.0,0
21,26,AODV,0.0.0.0,0.0.0.0,0
21,27,AODV,0.0.0.0,0.0.0.0,0
21,28,AODV,0.0.0.0,0.0.0.0,0
21,29,AODV,0.0.0.0,0.0.0.0,0
21,30,AODV,0.0.0.0,0.0.0.0,0
21,31,AODV,0.0.0.0,0.0.0.0,0
21,32,AODV,0.0.0.0,0.0.0.0,0
21,33,AODV,0.0.0.0,0.0.0.0,0
21,34,AODV,0.0.0.0,0.0.0.0,0
22,0,AODV,0.0.0.0,0.0.0.0,0
22,1,AODV,0.0.0.0,0.0.0.0,0
22,2,AODV,0.0.0.0,0.0.0.0,0
22,3,AODV,0.0.0.0,0.0.0.0,0
22,4,AODV,0.0.0.0,0.0.0.0,0
22,5,AODV,0.0.0.0,0.0.0.0,0
22,6,AODV,0.0.0.0,0.0.0.0,0
22,7,AODV,0.0.0.0,0.0.0.0,0
22,8,AODV,0.0.0.0,0.0.0.0,0
22,9,AODV,0.0.0.0,0.0.0.0,0
22,10,AODV,0.0.0.0,0.0.0.0,0
22,11,AODV,0.0.0.0,0.0.0.0,0
22,12,AODV,0.0.0.0,0.0.0.0,0
22,13,AODV,0.0.0.0,0.0.0.0,0
22,14,AODV,0.0.0.0,0.0.0.0,0
22,15,AODV,0.0.0.0,0.0.0.0,0
22,16,AODV,0.0.0.0,0.0.0.0,0
22,17,AODV,0.0.0.0,0.0.0.0,0
22,18,AODV,0.0.0.0,0.0.0.0,0
22,19,AODV,0.0.0.0,0.0.0.0,0
22,20,AODV,0.0.0.0,0.0.0.0,0
22,21,AODV,0.0.0.0,0.0.0.0,0
22,22,AODV,0.0.0.0,0.0.0.0,0
22,23,AODV,0.0.0.0,0.0.0.0,0
22,24,AODV,0.0.0.0,0.0.0.0,0
22,25,AODV,0.0.0.0,0.0.0.0,0
22,26,AODV,0.0.0.0,0.0.0.0,0
22,27,AODV,0.0.0.0,0.0.0.0,0
22,28,AODV,0.0.0.0,0.0.0.0,0
22,29,AODV,0.0.0.0,0.0.0.0,0
22,30,AODV,0.0.0.0,0.0.0.0,0
22,31,AODV,0.0.0.0,0.0.0.0,0
22,32,AODV,0.0.0.0,0.0.0.0,0
22,33,AODV,0.0.0.0,0.0.0.0,0
22,34,AODV,0.0.0.0,0.0.0.0,0
23,0,AODV,0.0.0.0,0.0.0.0,0
23,1,AODV,0.0.0.0,0.0.0.0,0
23,2,AODV,0.0.0.0,0.0.0.0,0
23,3,AODV,0.0.0.0,0.0.0.0,0
23,4,AODV,0.0.0.0,0.0.0.0,0
23,5,AODV,0.0.0.0,0.0.0.0,0
23,6,AODV,0.0.0.0,0.0.0.0,0
23,7,AODV,0.0.0.0,0.0.0.0,0
23,8,AODV,0.0.0.0,0.0.0.0,0
23,9,AODV,0.0.0.0,0.0.0.0,0
23,10,AODV,0.0.0.0,0.0.0.0,0
23,11,AODV,0.0.0.0,0.0.0.0,0
23,12,AODV,0.0.0.0,0.0.0.0,0
23,13,AODV,0.0.0.0,0.0.0.0,0
23,14,AODV,0.0.0.0,0.0.0.0,0
23,15,AODV,0.0.0.0,0.0.0.0,0
23,16,AODV,0.0.0.0,0.0.0.0,0
23,17,AODV,0.0.0.0,0.0.0.0,0
23,18,AODV,0.0.0.0,0.0.0.0,0
23,19,AODV,0.0.0.0,0.0.0.0,0
23,20,AODV,0.0.0.0,0.0.0.0,0
23,21,AODV,0.0.0.0,0.0.0.0,0
23,22,AODV,0.0.0.0,0.0.0.0,0
23,23,AODV,0.0.0.0,0.0.0.0,0
23,24,AODV,0.0.0.0,0.0.0.0,0
23,25,AODV,0.0.0.0,0.0.0.0,0
23,26,AODV,0.0.0.0,0.0.0.0,0
23,27,AODV,0.0.0.0,0.0.0.0,0
23,28,AODV,0.0.0.0,0.0.0.0,0
23,29,AODV,0.0.0.0,0.0.0.0,0
23,30,AODV,0.0.0.0,0.0.0.0,0
23,31,AODV,0.0.0.0,0.0.0.0,0
23,32,AODV,0.0.0.0,0.0.0.0,0
23,33,AODV,0.0.0.0,0.0.0.0,0
23,34,AODV,0.0.0.0,0.0.0.0,0
24,0,AODV,0.0.0.0,0.0.0.0,0
24,1,AODV,0.0.0.0,0.0.0.0,0
24,2,AODV,0.0.0.0,0.0.0.0,0
24,3,AODV,0.0.0.0,0.0.0.0,0
24,4,AODV,0.0.0.0,0.0.0.0,0
24,5,AODV,0.0.0.0,0.0.0.0,0
24,6,AODV,0.0.0.0,0.0.0.0,0
24,7,AODV,0.0.0.0,0.0.0.0,0
24,8,AODV,0.0.0.0,0.0.0.0,0
24,9,AODV,0.0.0.0,0.0.0.0,0
24,10,AODV,0.0.0.0,0.0.0.0,0
24,11,AODV,0.0.0.0,0.0.0.0,0
24,12,AODV,0.0.0.0,0.0.0.0,0
24,13,AODV,0.0.0.0,0.0.0.0,0
24,14,AODV,0.0.0.0,0.0.0.0,0
24,15,AODV,0.0.0.0,0.0.0.0,0
24,16,AODV,0.0.0.0,0.0.0.0,0
24,17,AODV,0.0.0.0,0.0.0.0,0
24,18,AODV,0.0.0.0,0.0.0.0,0
24,19,AODV,0.0.0.0,0.0.0.0,0
24,20,AODV,0.0.0.0,0.0.0.0,0
24,21,AODV,0.0.0.0,0.0.0.0,0
24,22,AODV,0.0.0.0,0.0.0.0,0
24,23,AODV,0.0.0.0,0.0.0.0,0
24,24,AODV,0.0.0.0,0.0.0.0,0
24,25,AODV,0.0.0.0,0.0.0.0,0
24,26,AODV,0.0.0.0,0.0.0.0,0
24,27,AODV,0.0.0.0,0.0.0.0,0
24,28,AODV,0.0.0.0,0.0.0.0,0
24,29,AODV,0.0.0.0,0.0.0.0,0
24,30,AODV,0.0.0.0,0.0.0.0,0
24,31,AODV,0.0.0.0,0.0.0.0,0
24,32,AODV,0.0.0.0,0.0.0.0,0
24,33,AODV,0.0.0.0,0.0.0.0,0
24,34,AODV,0.0.0.0,0.0.0.0,0
25,0,AODV,0.0.0.0,0.0.0.0,0
25,1,AODV,0.0.0.0,0.0.0.0,0
25,2,AODV,0.0.0.0,0.0.0.0,0
25,3,AODV,0.0.0.0,0.0.0.0,0
25,4,AODV,0.0.0.0,0.0.0.0,0
25,5,AODV,0.0.0.0,0.0.0.0,0
25,6,AODV,0.0.0.0,0.0.0.0,0
25,7,AODV,0.0.0.0,0.0.0.0,0
25,8,AODV,0.0.0.0,0.0.0.0,0
25,9,AODV,0.0.0.0,0.0.0.0,0
25,10,AODV,0.0.0.0,0.0.0.0,0
25,11,AODV,0.0.0.0,0.0.0.0,0
25,12,AODV,0.0.0.0,0.0.0.0,0
25,13,AODV,0.0.0.0,0.0.0.0,0
25,14,AODV,0.0.0.0,0.0.0.0,0
25,15,AODV,0.0.0.0,0.0.0.0,0
25,16,AODV,0.0.0.0,0.0.0.0,0
25,17,AODV,0.0.0.0,0.0.0.0,0
25,18,AODV,0.0.0.0,0.0.0.0,0
25,19,AODV,0.0.0.0,0.0.0.0,0
25,20,AODV,0.0.0.0,0.0.0.0,0
25,21,AODV,0.0.0.0,0.0.0.0,0
25,22,AODV,0.0.0.0,0.0.0.0,0
25,23,AODV,0.0.0.0,0.0.0.0,0
25,24,AODV,0.0.0.0,0.0.0.0,0
25,25,AODV,0.0.0.0,0.0.0.0,0
25,26,AODV,0.0.0.0,0.0.0.0,0
25,27,AODV,0.0.0.0,0.0.0.0,0
25,28,AODV,0.0.0.0,0.0.0.0,0
25,29,AODV,0.0.0.0,0.0.0.0,0
25,30,AODV,0.0.0.0,0.0.0.0,0
25,31,AODV,0.0.0.0,0.0.0.0,0
25,32,AODV,0.0.0.0,0.0.0.0,0
25,33,AODV,0.0.0.0,0.0.0.0,0
25,34,AODV,0.0.0.0,0.0.0.0,0
26,0,AODV,0.0.0.0,0.0.0.0,0
26,1,AODV,0.0.0.0,0.0.0.0,0
26,2,AODV,0.0.0.0,0.0.0.0,0
26,3,AODV,0.0.0.0,0.0.0.0,0
26,4,AODV,0.0.0.0,0.0.0.0,0
26,5,AODV,0.0.0.0,0.0.0.0,0
26,6,AODV,0.0.0.0,0.0.0.0,0
26,7,AODV,0.0.0.0,0.0.0.0,0
26,8,AODV,0.0.0.0,0.0.0.0,0
26,9,AODV,0.0.0.0,0.0.0.0,0
26,10,AODV,0.0.0.0,0.0.0.0,0
26,11,AODV,0.0.0.0,0.0.0.0,0
26,12,AODV,0.0.0.0,0.0.0.0,0
26,13,AODV,0.0.0.0,0.0.0.0,0
26,14,AODV,0.0.0.0,0.0.0.0,0
26,15,AODV,0.0.0.0,0.0.0.0,0
26,16,AODV,0.0.0.0,0.0.0.0,0
26,17,AODV,0.0.0.0,0.0.0.0,0
26,18,AODV,0.0.0.0,0.0.0.0,0
26,19,AODV,0.0.0.0,0.0.0.0,0
26,20,AODV,0.0.0.0,0.0.0.0,0
26,21,AODV,0.0.0.0,0.0.0.0,0
26,22,AODV,0.0.0.0,0.0.0.0,0
26,23,AODV,0.0.0.0,0.0.0.0,0
26,24,AODV,0.0.0.0,0.0.0.0,0
26,25,AODV,0.0.0.0,0.0.0.0,0
26,26,AODV,0.0.0.0,0.0.0.0,0
26,27,AODV,0.0.0.0,0.0.0.0,0
26,28,AODV,0.0.0.0,0.0.0.0,0
26,29,AODV,0.0.0.0,0.0.0.0,0
26,30,AODV,0.0.0.0,0.0.0.0,0
26,31,AODV,0.0.0.0,0.0.0.0,0
26,32,AODV,0.0.0.0,0.0.0.0,0
26,33,AODV,0.0.0.0,0.0.0.0,0
26,34,AODV,0.0.0.0,0.0.0.0,0
27,0,AODV,0.0.0.0,0.0.0.0,0
27,1,AODV,0.0.0.0,0.0.0.0,0
27,2,AODV,0.0.0.0,0.0.0.0,0
27,3,AODV,0.0.0.0,0.0.0.0,0
27,4,AODV,0.0.0.0,0.0.0.0,0
27,5,AODV,0.0.0.0,0.0.0.0,0
27,6,AODV,0.0.0.0,0.0.0.0,0
27,7,AODV,0.0.0.0,0.0.0.0,0
27,8,AODV,0.0.0.0,0.0.0.0,0
27,9,AODV,0.0.0.0,0.0.0.0,0
27,10,AODV,0.0.0.0,0.0.0.0,0
27,11,AODV,0.0.0.0,0.0.0.0,0
27,12,AODV,0.0.0.0,0.0.0.0,0
27,13,AODV,0.0.0.0,0.0.0.0,0
27,14,AODV,0.0.0.0,0.0.0.0,0
27,15,AODV,0.0.0.0,0.0.0.0,0
27,16,AODV,0.0.0.0,0.0.0.0,0
27,17,AODV,0.0.0.0,0.0.0.0,0
27,18,AODV,0.0.0.0,0.0.0.0,0
27,19,AODV,0.0.0.0,0.0.0.0,0
27,20,AODV,0.0.0.0,0.0.0.0,0
27,21,AODV,0.0.0.0,0.0.0.0,0
27,22,AODV,0.0.0.0,0.0.0.0,0
27,23,AODV,0.0.0.0,0.0.0.0,0
27,24,AODV,0.0.0.0,0.0.0.0,0
27,25,AODV,0.0.0.0,0.0.0.0,0
27,26,AODV,0.0.0.0,0.0.0.0,0
27,27,AODV,0.0.0.0,0.0.0.0,0
27,28,AODV,0.0.0.0,0.0.0.0,0
27,29,AODV,0.0.0.0,0.0.0.0,0
27,30,AODV,0.0.0.0,0.0.0.0,0
27,31,AODV,0.0.0.0,0.0.0.0,0
27,32,AODV,0.0.0.0,0.0.0.0,0
27,33,AODV,0.0.0.0,0.0.0.0,0
27,34,AODV,0.0.0.0,0.0.0.0,0
28,0,AODV,0.0.0.0,0.0.0.0,0
28,1,AODV,0.0.0.0,0.0.0.0,0
28,2,AODV,0.0.0.0,0.0.0.0,0
28,3,AODV,0.0.0.0,0.0.0.0,0
28,4,AODV,0.0.0.0,0.0.0.0,0
28,5,AODV,0.0.0.0,0.0.0.0,0
28,6,AODV,0.0.0.0,0.0.0.0,0
28,7,AODV,0.0.0.0,0.0.0.0,0
28,8,AODV,0.0.0.0,0.0.0.0,0
28,9,AODV,0.0.0.0,0.0.0.0,0
28,10,AODV,0.0.0.0,0.0.0.0,0
28,11,AODV,0.0.0.0,0.0.0.0,0
28,12,AODV,0.0.0.0,0.0.0.0,0
28,13,AODV,0.0.0.0,0.0.0.0,0
28,14,AODV,0.0.0.0,0.0.0.0,0
28,15,AODV,0.0.0.0,0.0.0.0,0
28,16,AODV,0.0.0.0,0.0.0.0,0
28,17,AODV,0.0.0.0,0.0.0.0,0
28,18,AODV,0.0.0.0,0.0.0.0,0
28,19,AODV,0.0.0.0,0.0.0.0,0
28,20,AODV,0.0.0.0,0.0.0.0,0
28,21,AODV,0.0.0.0,0.0.0.0,0
28,22,AODV,0.0.0.0,0.0.0.0,0
28,23,AODV,0.0.0.0,0.0.0.0,0
28,24,AODV,0.0.0.0,0.0.0.0,0
28,25,AODV,0.0.0.0,0.0.0.0,0
28,26,AODV,0.0.0.0,0.0.0.0,0
28,27,AODV,0.0.0.0,0.0.0.0,0
28,28,AODV,0.0.0.0,0.0.0.0,0
28,29,AODV,0.0.0.0,0.0.0.0,0
28,30,AODV,0.0.0.0,0.0.0.0,0
28,31,AODV,0.0.0.0,0.0.0.0,0
28,32,AODV,0.0.0.0,0.0.0.0,0
28,33,AODV,0.0.0.0,0.0.0.0,0
28,34,AODV,0.0.0.0,0.0.0.0,0
29,0,AODV,0.0.0.0,0.0.0.0,0
29,1,AODV,0.0.0.0,0.0.0.0,0
29,2,AODV,0.0.0.0,0.0.0.0,0
29,3,AODV,0.0.0.0,0.0.0.0,0
29,4,AODV,0.0.0.0,0.0.0.0,0
29,5,AODV,0.0.0.0,0.0.0.0,0
29,6,AODV,0.0.0.0,0.0.0.0,0
29,7,AODV,0.0.0.0,0.0.0.0,0
29,8,AODV,0.0.0.0,0.0.0.0,0
29,9,AODV,0.0.0.0,0.0.0.0,0
29,10,AODV,0.0.0.0,0.0.0.0,0
29,11,AODV,0.0.0.0,0.0.0.0,0
29,12,AODV,0.0.0.0,0.0.0.0,0
29,13,AODV,0.0.0.0,0.0.0.0,0
29,14,AODV,0.0.0.0,0.0.0.0,0
29,15,AODV,0.0.0.0,0.0.0.0,0
29,16,AODV,0.0.0.0,0.0.0.0,0
29,17,AODV,0.0.0.0,0.0.0.0,0
29,18,AODV,0.0.0.0,0.0.0.0,0
29,19,AODV,0.0.0.0,0.0.0.0,0
29,20,AODV,0.0.0.0,0.0.0.0,0
29,21,AODV,0.0.0.0,0.0.0.0,0
29,22,AODV,0.0.0.0,0.0.0.0,0
29,23,AODV,0.0.0.0,0.0.0.0,0
29,24,AODV,0.0.0.0,0.0.0.0,0
29,25,AODV,0.0.0.0,0.0.0.0,0
29,26,AODV,0.0.0.0,0.0.0.0,0
29,27,AODV,0.0.0.0,0.0.0.0,0
29,28,AODV,0.0.0.0,0.0.0.0,0
29,29,AODV,0.0.0.0,0.0.0.0,0
29,30,AODV,0.0.0.0,0.0.0.0,0
29,31,AODV,0.0.0.0,0.0.0.0,0
29,32,AODV,0.0.0.0,0.0.0.0,0
29,33,AODV,0.0.0.0,0.0.0.0,0
29,34,AODV,0.0.0.0,0.0.0.0,0
30,0,AODV,0.0.0.0,0.0.0.0,0
30,1,AODV,0.0.0.0,0.0.0.0,0
30,2,AODV,0.0.0.0,0.0.0.0,0
30,3,AODV,0.0.0.0,0.0.0.0,0
30,4,AODV,0.0.0.0,0.0.0.0,0
30,5,AODV,0.0.0.0,0.0.0.0,0
30,6,AODV,0.0.0.0,0.0.0.0,0
30,7,AODV,0.0.0.0,0.0.0.0,0
30,8,AODV,0.0.0.0,0.0.0.0,0
30,9,AODV,0.0.0.0,0.0.0.0,0
30,10,AODV,0.0.0.0,0.0.0.0,0
30,11,AODV,0.0.0.0,0.0.0.0,0
30,12,AODV,0.0.0.0,0.0.0.0,0
30,13,AODV,0.0.0.0,0.0.0.0,0
30,14,AODV,0.0.0.0,0.0.0.0,0
30,15,AODV,0.0.0.0,0.0.0.0,0
30,16,AODV,0.0.0.0,0.0.0.0,0
30,17,AODV,0.0.0.0,0.0.0.0,0
30,18,AODV,0.0.0.0,0.0.0.0,0
30,19,AODV,0.0.0.0,0.0.0.0,0
30,20,AODV,0.0.0.0,0.0.0.0,0
30,21,AODV,0.0.0.0,0.0.0.0,0
30,22,AODV,0.0.0.0,0.0.0.0,0
30,23,AODV,0.0.0.0,0.0.0.0,0
30,24,AODV,0.0.0.0,0.0.0.0,0
30,25,AODV,0.0.0.0,0.0.0.0,0
30,26,AODV,0.0.0.0,0.0.0.0,0
30,27,AODV,0.0.0.0,0.0.0.0,0
30,28,AODV,0.0.0.0,0.0.0.0,0
30,29,AODV,0.0.0.0,0.0.0.0,0
30,30,AODV,0.0.0.0,0.0.0.0,0
30,31,AODV,0.0.0.0,0.0.0.0,0
30,32,AODV,0.0.0.0,0.0.0.0,0
30,33,AODV,0.0.0.0,0.0.0.0,0
30,34,AODV,0.0.0.0,0.0.0.0,0
31,0,AODV,0.0.0.0,0.0.0.0,0
31,1,AODV,0.0.0.0,0.0.0.0,0
31,2,AODV,0.0.0.0,0.0.0.0,0
31,3,AODV,0.0.0.0,0.0.0.0,0
31,4,AODV,0.0.0.0,0.0.0.0,0
31,5,AODV,0.0.0.0,0.0.0.0,0
31,6,AODV,0.0.0.0,0.0.0.0,0
31,7,AODV,0.0.0.0,0.0.0.0,0
31,8,AODV,0.0.0.0,0.0.0.0,0
31,9,AODV,0.0.0.0,0.0.0.0,0
31,10,AODV,0.0.0.0,0.0.0.0,0
31,11,AODV,0.0.0.0,0.0.0.0,0
31,12,AODV,0.0.0.0,0.0.0.0,0
31,13,AODV,0.0.0.0,0.0.0.0,0
31,14,AODV,0.0.0.0,0.0.0.0,0
31,15,AODV,0.0.0.0,0.0.0.0,0
31,16,AODV,0.0.0.0,0.0.0.0,0
31,17,AODV,0.0.0.0,0.0.0.0,0
31,18,AODV,0.0.0.0,0.0.0.0,0
31,19,AODV,0.0.0.0,0.0.0.0,0
31,20,AODV,0.0.0.0,0.0.0.0,0
31,21,AODV,0.0.0.0,0.0.0.0,0
31,22,AODV,0.0.0.0,0.0.0.0,0
31,23,AODV,0.0.0.0,0.0.0.0,0
31,24,AODV,0.0.0.0,0.0.0.0,0
31,25,AODV,0.0.0.0,0.0.0.0,0
31,26,AODV,0.0.0.0,0.0.0.0,0
31,27,AODV,0.0.0.0,0.0.0.0,0
31,28,AODV,0.0.0.0,0.0.0.0,0
31,29,AODV,0.0.0.0,0.0.0.0,0
31,30,AODV,0.0.0.0,0.0.0.0,0
31,31,AODV,0.0.0.0,0.0.0.0,0
31,32,AODV,0.0.0.0,0.0.0.0,0
31,33,AODV,0.0.0.0,0.0.0.0,0
31,34,AODV,0.0.0.0,0.0.0.0,0
32,0,AODV,0.0.0.0,0.0.0.0,0
32,1,AODV,0.0.0.0,0.0.0.0,0
32,2,AODV,0.0.0.0,0.0.0.0,0
32,3,AODV,0.0.0.0,0.0.0.0,0
32,4,AODV,0.0.0.0,0.0.0.0,0
32,5,AODV,0.0.0.0,0.0.0.0,0
32,6,AODV,0.0.0.0,0.0.0.0,0
32,7,AODV,0.0.0.0,0.0.0.0,0
32,8,AODV,0.0.0.0,0.0.0.0,0
32,9,AODV,0.0.0.0,0.0.0.0,0
32,10,AODV,0.0.0.0,0.0.0.0,0
32,11,AODV,0.0.0.0,0.0.0.0,0
32,12,AODV,0.0.0.0,0.0.0.0,0
32,13,AODV,0.0.0.0,0.0.0.0,0
32,14,AODV,0.0.0.0,0.0.0.0,0
32,15,AODV,0.0.0.0,0.0.0.0,0
32,16,AODV,0.0.0.0,0.0.0.0,0
32,17,AODV,0.0.0.0,0.0.0.0,0
32,18,AODV,0.0.0.0,0.0.0.0,0
32,19,AODV,0.0.0.0,0.0.0.0,0
32,20,AODV,0.0.0.0,0.0.0.0,0
32,21,AODV,0.0.0.0,0.0.0.0,0
32,22,AODV,0.0.0.0,0.0.0.0,0
32,23,AODV,0.0.0.0,0.0.0.0,0
32,24,AODV,0.0.0.0,0.0.0.0,0
32,25,AODV,0.0.0.0,0.0.0.0,0
32,26,AODV,0.0.0.0,0.0.0.0,0
32,27,AODV,0.0.0.0,0.0.0.0,0
32,28,AODV,0.0.0.0,0.0.0.0,0
32,29,AODV,0.0.0.0,0.0.0.0,0
32,30,AODV,0.0.0.0,0.0.0.0,0
32,31,AODV,0.0.0.0,0.0.0.0,0
32,32,AODV,0.0.0.0,0.0.0.0,0
32,33,AODV,0.0.0.0,0.0.0.0,0
32,34,AODV,0.0.0.0,0.0.0.0,0
33,0,AODV,0.0.0.0,0.0.0.0,0
33,1,AODV,0.0.0.0,0.0.0.0,0
33,2,AODV,0.0.0.0,0.0.0.0,0
33,3,AODV,0.0.0.0,0.0.0.0,0
33,4,AODV,0.0.0.0,0.0.0.0,0
33,5,AODV,0.0.0.0,0.0.0.0,0
33,6,AODV,0.0.0.0,0.0.0.0,0
33,7,AODV,0.0.0.0,0.0.0.0,0
33,8,AODV,0.0.0.0,0.0.0.0,0
33,9,AODV,0.0.0.0,0.0.0.0,0
33,10,AODV,0.0.0.0,0.0.0.0,0
33,11,AODV,0.0.0.0,0.0.0.0,0
33,12,AODV,0.0.0.0,0.0.0.0,0
33,13,AODV,0.0.0.0,0.0.0.0,0
33,14,AODV,0.0.0.0,0.0.0.0,0
33,15,AODV,0.0.0.0,0.0.0.0,0
33,16,AODV,0.0.0.0,0.0.0.0,0
33,17,AODV,0.0.0.0,0.0.0.0,0
33,18,AODV,0.0.0.0,0.0.0.0,0
33,19,AODV,0.0.0.0,0.0.0.0,0
33,20,AODV,0.0.0.0,0.0.0.0,0
33,21,AODV,0.0.0.0,0.0.0.0,0
33,22,AODV,0.0.0.0,0.0.0.0,0
33,23,AODV,0.0.0.0,0.0.0.0,0
33,24,AODV,0.0.0.0,0.0.0.0,0
33,25,AODV,0.0.0.0,0.0.0.0,0
33,26,AODV,0.0.0.0,0.0.0.0,0
33,27,AODV,0.0.0.0,0.0.0.0,0
33,28,AODV,0.0.0.0,0.0.0.0,0
33,29,AODV,0.0.0.0,0.0.0.0,0
33,30,AODV,0.0.0.0,0.0.0.0,0
33,31,AODV,0.0.0.0,0.0.0.0,0
33,32,AODV,0.0.0.0,0.0.0.0,0
33,33,AODV,0.0.0.0,0.0.0.0,0
33,34,AODV,0.0.0.0,0.0.0.0,0
34,0,AODV,0.0.0.0,0.0.0.0,0
34,1,AODV,0.0.0.0,0.0.0.0,0
34,2,AODV,0.0.0.0,0.0.0.0,0
34,3,AODV,0.0.0.0,0.0.0.0,0
34,4,AODV,0.0.0.0,0.0.0.0,0
34,5,AODV,0.0.0.0,0.0.0.0,0
34,6,AODV,0.0.0.0,0.0.0.0,0
34,7,AODV,0.0.0.0,0.0.0.0,0
34,8,AODV,0.0.0.0,0.0.0.0,0
34,9,AODV,0.0.0.0,0.0.0.0,0
34,10,AODV,0.0.0.0,0.0.0.0,0
34,11,AODV,0.0.0.0,0.0.0.0,0
34,12,AODV,0.0.0.0,0.0.0.0,0
34,13,AODV,0.0.0.0,0.0.0.0,0
34,14,AODV,0.0.0.0,0.0.0.0,0
34,15,AODV,0.0.0.0,0.0.0.0,0
34,16,AODV,0.0.0.0,0.0.0.0,0
34,17,AODV,0.0.0.0,0.0.0.0,0
34,18,AODV,0.0.0.0,0.0.0.0,0
34,19,AODV,0.0.0.0,0.0.0.0,0
34,20,AODV,0.0.0.0,0.0.0.0,0
34,21,AODV,0.0.0.0,0.0.0.0,0
34,22,AODV,0.0.0.0,0.0.0.0,0
34,23,AODV,0.0.0.0,0.0.0.0,0
34,24,AODV,0.0.0.0,0.0.0.0,0
34,25,AODV,0.0.0.0,0.0.0.0,0
34,26,AODV,0.0.0.0,0.0.0.0,0
34,27,AODV,0.0.0.0,0.0.0.0,0
34,28,AODV,0.0.0.0,0.0.0.0,0
34,29,AODV,0.0.0.0,0.0.0.0,0
34,30,AODV,0.0.0.0,0.0.0.0,0
34,31,AODV,0.0.0.0,0.0.0.0,0
34,32,AODV,0.0.0.0,0.0.0.0,0
34,33,AODV,0.0.0.0,0.0.0.0,0
34,34,AODV,0.0.0.0,0.0.0.0,0
35,0,AODV,0.0.0.0,0.0.0.0,0
35,1,AODV,0.0.0.0,0.0.0.0,0
35,2,AODV,0.0.0.0,0.0.0.0,0
35,3,AODV,0.0.0.0,0.0.0.0,0
35,4,AODV,0.0.0.0,0.0.0.0,0
35,5,AODV,0.0.0.0,0.0.0.0,0
35,6,AODV,0.0.0.0,0.0.0.0,0
35,7,AODV,0.0.0.0,0.0.0.0,0
35,8,AODV,0.0.0.0,0.0.0.0,0
35,9,AODV,0.0.0.0,0.0.0.0,0
35,10,AODV,0.0.0.0,0.0.0.0,0
35,11,AODV,0.0.0.0,0.0.0.0,0
35,12,AODV,0.0.0.0,0.0.0.0,0
35,13,AODV,0.0.0.0,0.0.0.0,0
35,14,AODV,0.0.0.0,0.0.0.0,0
35,15,AODV,0.0.0.0,0.0.0.0,0
35,16,AODV,0.0.0.0,0.0.0.0,0
35,17,AODV,0.0.0.0,0.0.0.0,0
35,18,AODV,0.0.0.0,0.0.0.0,0
35,19,AODV,0.0.0.0,0.0.0.0,0
35,20,AODV,0.0.0.0,0.0.0.0,0
35,21,AODV,0.0.0.0,0.0.0.0,0
35,22,AODV,0.0.0.0,0.0.0.0,0
35,23,AODV,0.0.0.0,0.0.0.0,0
35,24,AODV,0.0.0.0,0.0.0.0,0
35,25,AODV,0.0.0.0,0.0.0.0,0
35,26,AODV,0.0.0.0,0.0.0.0,0
35,27,AODV,0.0.0.0,0.0.0.0,0
35,28,AODV,0.0.0.0,0.0.0.0,0
35,29,AODV,0.0.0.0,0.0.0.0,0
35,30,AODV,0.0.0.0,0.0.0.0,0
35,31,AODV,0.0.0.0,0.0.0.0,0
35,32,AODV,0.0.0.0,0.0.0.0,0
35,33,AODV,0.0.0.0,0.0.0.0,0
35,34,AODV,0.0.0.0,0.0.0.0,0
36,0,AODV,0.0.0.0,0.0.0.0,0
36,1,AODV,0.0.0.0,0.0.0.0,0
36,2,AODV,0.0.0.0,0.0.0.0,0
36,3,AODV,0.0.0.0,0.0.0.0,0
36,4,AODV,0.0.0.0,0.0.0.0,0
36,5,AODV,0.0.0.0,0.0.0.0,0
36,6,AODV,0.0.0.0,0.0.0.0,0
36,7,AODV,0.0.0.0,0.0.0.0,0
36,8,AODV,0.0.0.0,0.0.0.0,0
36,9,AODV,0.0.0.0,0.0.0.0,0
36,10,AODV,0.0.0.0,0.0.0.0,0
36,11,AODV,0.0.0.0,0.0.0.0,0
36,12,AODV,0.0.0.0,0.0.0.0,0
36,13,AODV,0.0.0.0,0.0.0.0,0
36,14,AODV,0.0.0.0,0.0.0.0,0
36,15,AODV,0.0.0.0,0.0.0.0,0
36,16,AODV,0.0.0.0,0.0.0.0,0
36,17,AODV,0.0.0.0,0.0.0.0,0
36,18,AODV,0.0.0.0,0.0.0.0,0
36,19,AODV,0.0.0.0,0.0.0.0,0
36,20,AODV,0.0.0.0,0.0.0.0,0
36,21,AODV,0.0.0.0,0.0.0.0,0
36,22,AODV,0.0.0.0,0.0.0.0,0
36,23,AODV,0.0.0.0,0.0.0.0,0
36,24,AODV,0.0.0.0,0.0.0.0,0
36,25,AODV,0.0.0.0,0.0.0.0,0
36,26,AODV,0.0.0.0,0.0.0.0,0
36,27,AODV,0.0.0.0,0.0.0.0,0
36,28,AODV,0.0.0.0,0.0.0.0,0
36,29,AODV,0.0.0.0,0.0.0.0,0
36,30,AODV,0.0.0.0,0.0.0.0,0
36,31,AODV,0.0.0.0,0.0.0.0,0
36,32,AODV,0.0.0.0,0.0.0.0,0
36,33,AODV,0.0.0.0,0.0.0.0,0
36,34,AODV,0.0.0.0,0.0.0.0,0
37,0,AODV,0.0.0.0,0.0.0.0,0
37,1,AODV,0.0.0.0,0.0.0.0,0
37,2,AODV,0.0.0.0,0.0.0.0,0
37,3,AODV,0.0.0.0,0.0.0.0,0
37,4,AODV,0.0.0.0,0.0.0.0,0
37,5,AODV,0.0.0.0,0.0.0.0,0
37,6,AODV,0.0.0.0,0.0.0.0,0
37,7,AODV,0.0.0.0,0.0.0.0,0
37,8,AODV,0.0.0.0,0.0.0.0,0
37,9,AODV,0.0.0.0,0.0.0.0,0
37,10,AODV,0.0.0.0,0.0.0.0,0
37,11,AODV,0.0.0.0,0.0.0.0,0
37,12,AODV,0.0.0.0,0.0.0.0,0
37,13,AODV,0.0.0.0,0.0.0.0,0
37,14,AODV,0.0.0.0,0.0.0.0,0
37,15,AODV,0.0.0.0,0.0.0.0,0
37,16,AODV,0.0.0.0,0.0.0.0,0
37,17,AODV,0.0.0.0,0.0.0.0,0
37,18,AODV,0.0.0.0,0.0.0.0,0
37,19,AODV,0.0.0.0,0.0.0.0,0
37,20,AODV,0.0.0.0,0.0.0.0,0
37,21,AODV,0.0.0.0,0.0.0.0,0
37,22,AODV,0.0.0.0,0.0.0.0,0
37,23,AODV,0.0.0.0,0.0.0.0,0
37,24,AODV,0.0.0.0,0.0.0.0,0
37,25,AODV,0.0.0.0,0.0.0.0,0
37,26,AODV,0.0.0.0,0.0.0.0,0
37,27,AODV,0.0.0.0,0.0.0.0,0
37,28,AODV,0.0.0.0,0.0.0.0,0
37,29,AODV,0.0.0.0,0.0.0.0,0
37,30,AODV,0.0.0.0,0.0.0.0,0
37,31,AODV,0.0.0.0,0.0.0.0,0
37,32,AODV,0.0.0.0,0.0.0.0,0
37,33,AODV,0.0.0.0,0.0.0.0,0
37,34,AODV,0.0.0.0,0.0.0.0,0
38,0,AODV,0.0.0.0,0.0.0.0,0
38,1,AODV,0.0.0.0,0.0.0.0,0
38,2,AODV,0.0.0.0,0.0.0.0,0
38,3,AODV,0.0.0.0,0.0.0.0,0
38,4,AODV,0.0.0.0,0.0.0.0,0
38,5,AODV,0.0.0.0,0.0.0.0,0
38,6,AODV,0.0.0.0,0.0.0.0,0
38,7,AODV,0.0.0.0,0.0.0.0,0
38,8,AODV,0.0.0.0,0.0.0.0,0
38,9,AODV,0.0.0.0,0.0.0.0,0
38,10,AODV,0.0.0.0,0.0.0.0,0
38,11,AODV,0.0.0.0,0.0.0.0,0
38,12,AODV,0.0.0.0,0.0.0.0,0
38,13,AODV,0.0.0.0,0.0.0.0,0
38,14,AODV,0.0.0.0,0.0.0.0,0
38,15,AODV,0.0.0.0,0.0.0.0,0
38,16,AODV,0.0.0.0,0.0.0.0,0
38,17,AODV,0.0.0.0,0.0.0.0,0
38,18,AODV,0.0.0.0,0.0.0.0,0
38,19,AODV,0.0.0.0,0.0.0.0,0
38,20,AODV,0.0.0.0,0.0.0.0,0
38,21,AODV,0.0.0.0,0.0.0.0,0
38,22,AODV,0.0.0.0,0.0.0.0,0
38,23,AODV,0.0.0.0,0.0.0.0,0
38,24,AODV,0.0.0.0,0.0.0.0,0
38,25,AODV,0.0.0.0,0.0.0.0,0
38,26,AODV,0.0.0.0,0.0.0.0,0
38,27,AODV,0.0.0.0,0.0.0.0,0
38,28,AODV,0.0.0.0,0.0.0.0,0
38,29,AODV,0.0.0.0,0.0.0.0,0
38,30,AODV,0.0.0.0,0.0.0.0,0
38,31,AODV,0.0.0.0,0.0.0.0,0
38,32,AODV,0.0.0.0,0.0.0.0,0
38,33,AODV,0.0.0.0,0.0.0.0,0
38,34,AODV,0.0.0.0,0.0.0.0,0
39,0,AODV,0.0.0.0,0.0.0.0,0
39,1,AODV,0.0.0.0,0.0.0.0,0
39,2,AODV,0.0.0.0,0.0.0.0,0
39,3,AODV,0.0.0.0,0.0.0.0,0
39,4,AODV,0.0.0.0,0.0.0.0,0
39,5,AODV,0.0.0.0,0.0.0.0,0
39,6,AODV,0.0.0.0,0.0.0.0,0
39,7,AODV,0.0.0.0,0.0.0.0,0
39,8,AODV,0.0.0.0,0.0.0.0,0
39,9,AODV,0.0.0.0,0.0.0.0,0
39,10,AODV,0.0.0.0,0.0.0.0,0
39,11,AODV,0.0.0.0,0.0.0.0,0
39,12,AODV,0.0.0.0,0.0.0.0,0
39,13,AODV,0.0.0.0,0.0.0.0,0
39,14,AODV,0.0.0.0,0.0.0.0,0
39,15,AODV,0.0.0.0,0.0.0.0,0
39,16,AODV,0.0.0.0,0.0.0.0,0
39,17,AODV,0.0.0.0,0.0.0.0,0
39,18,AODV,0.0.0.0,0.0.0.0,0
39,19,AODV,0.0.0.0,0.0.0.0,0
39,20,AODV,0.0.0.0,0.0.0.0,0
39,21,AODV,0.0.0.0,0.0.0.0,0
39,22,AODV,0.0.0.0,0.0.0.0,0
39,23,AODV,0.0.0.0,0.0.0.0,0
39,24,AODV,0.0.0.0,0.0.0.0,0
39,25,AODV,0.0.0.0,0.0.0.0,0
39,26,AODV,0.0.0.0,0.0.0.0,0
39,27,AODV,0.0.0.0,0.0.0.0,0
39,28,AODV,0.0.0.0,0.0.0.0,0
39,29,AODV,0.0.0.0,0.0.0.0,0
39,30,AODV,0.0.0.0,0.0.0.0,0
39,31,AODV,0.0.0.0,0.0.0.0,0
39,32,AODV,0.0.0.0,0.0.0.0,0
39,33,AODV,0.0.0.0,0.0.0.0,0
39,34,AODV,0.0.0.0,0.0.0.0,0
40,0,AODV,0.0.0.0,0.0.0.0,0
40,1,AODV,0.0.0.0,0.0.0.0,0
40,2,AODV,0.0.0.0,0.0.0.0,0
40,3,AODV,0.0.0.0,0.0.0.0,0
40,4,AODV,0.0.0.0,0.0.0.0,0
40,5,AODV,0.0.0.0,0.0.0.0,0
40,6,AODV,0.0.0.0,0.0.0.0,0
40,7,AODV,0.0.0.0,0.0.0.0,0
40,8,AODV,0.0.0.0,0.0.0.0,0
40,9,AODV,0.0.0.0,0.0.0.0,0
40,10,AODV,0.0.0.0,0.0.0.0,0
40,11,AODV,0.0.0.0,0.0.0.0,0
40,12,AODV,0.0.0.0,0.0.0.0,0
40,13,AODV,0.0.0.0,0.0.0.0,0
40,14,AODV,0.0.0.0,0.0.0.0,0
40,15,AODV,0.0.0.0,0.0.0.0,0
40,16,AODV,0.0.0.0,0.0.0.0,0
40,17,AODV,0.0.0.0,0.0.0.0,0
40,18,AODV,0.0.0.0,0.0.0.0,0
40,19,AODV,0.0.0.0,0.0.0.0,0
40,20,AODV,0.0.0.0,0.0.0.0,0
40,21,AODV,0.0.0.0,0.0.0.0,0
40,22,AODV,0.0.0.0,0.0.0.0,0
40,23,AODV,0.0.0.0,0.0.0.0,0
40,24,AODV,0.0.0.0,0.0.0.0,0
40,25,AODV,0.0.0.0,0.0.0.0,0
40,26,AODV,0.0.0.0,0.0.0.0,0
40,27,AODV,0.0.0.0,0.0.0.0,0
40,28,AODV,0.0.0.0,0.0.0.0,0
40,29,AODV,0.0.0.0,0.0.0.0,0
40,30,AODV,0.0.0.0,0.0.0.0,0
40,31,AODV,0.0.0.0,0.0.0.0,0
40,32,AODV,0.0.0.0,0.0.0.0,0
40,33,AODV,0.0.0.0,0.0.0.0,0
40,34,AODV,0.0.0.0,0.0.0.0,0
41,0,AODV,0.0.0.0,0.0.0.0,0
41,1,AODV,0.0.0.0,0.0.0.0,0
41,2,AODV,0.0.0.0,0.0.0.0,0
41,3,AODV,0.0.0.0,0.0.0.0,0
41,4,AODV,0.0.0.0,0.0.0.0,0
41,5,AODV,0.0.0.0,0.0.0.0,0
41,6,AODV,0.0.0.0,0.0.0.0,0
41,7,AODV,0.0.0.0,0.0.0.0,0
41,8,AODV,0.0.0.0,0.0.0.0,0
41,9,AODV,0.0.0.0,0.0.0.0,0
41,10,AODV,0.0.0.0,0.0.0.0,0
41,11,AODV,0.0.0.0,0.0.0.0,0
41,12,AODV,0.0.0.0,0.0.0.0,0
41,13,AODV,0.0.0.0,0.0.0.0,0
41,14,AODV,0.0.0.0,0.0.0.0,0
41,15,AODV,0.0.0.0,0.0.0.0,0
41,16,AODV,0.0.0.0,0.0.0.0,0
41,17,AODV,0.0.0.0,0.0.0.0,0
41,18,AODV,0.0.0.0,0.0.0.0,0
41,19,AODV,0.0.0.0,0.0.0.0,0
41,20,AODV,0.0.0.0,0.0.0.0,0
41,21,AODV,0.0.0.0,0.0.0.0,0
41,22,AODV,0.0.0.0,0.0.0.0,0
41,23,AODV,0.0.0.0,0.0.0.0,0
41,24,AODV,0.0.0.0,0.0.0.0,0
41,25,AODV,0.0.0.0,0.0.0.0,0
41,26,AODV,0.0.0.0,0.0.0.0,0
41,27,AODV,0.0.0.0,0.0.0.0,0
41,28,AODV,0.0.0.0,0.0.0.0,0
41,29,AODV,0.0.0.0,0.0.0.0,0
41,30,AODV,0.0.0.0,0.0.0.0,0
41,31,AODV,0.0.0.0,0.0.0.0,0
41,32,AODV,0.0.0.0,0.0.0.0,0
41,33,AODV,0.0.0.0,0.0.0.0,0
41,34,AODV,0.0.0.0,0.0.0.0,0
42,0,AODV,0.0.0.0,0.0.0.0,0
42,1,AODV,0.0.0.0,0.0.0.0,0
42,2,AODV,0.0.0.0,0.0.0.0,0
42,3,AODV,0.0.0.0,0.0.0.0,0
42,4,AODV,0.0.0.0,0.0.0.0,0
42,5,AODV,0.0.0.0,0.0.0.0,0
42,6,AODV,0.0.0.0,0.0.0.0,0
42,7,AODV,0.0.0.0,0.0.0.0,0
42,8,AODV,0.0.0.0,0.0.0.0,0
42,9,AODV,0.0.0.0,0.0.0.0,0
42,10,AODV,0.0.0.0,0.0.0.0,0
42,11,AODV,0.0.0.0,0.0.0.0,0
42,12,AODV,0.0.0.0,0.0.0.0,0
42,13,AODV,0.0.0.0,0.0.0.0,0
42,14,AODV,0.0.0.0,0.0.0.0,0
42,15,AODV,0.0.0.0,0.0.0.0,0
42,16,AODV,0.0.0.0,0.0.0.0,0
42,17,AODV,0.0.0.0,0.0.0.0,0
42,18,AODV,0.0.0.0,0.0.0.0,0
42,19,AODV,0.0.0.0,0.0.0.0,0
42,20,AODV,0.0.0.0,0.0.0.0,0
42,21,AODV,0.0.0.0,0.0.0.0,0
42,22,AODV,0.0.0.0,0.0.0.0,0
42,23,AODV,0.0.0.0,0.0.0.0,0
42,24,AODV,0.0.0.0,0.0.0.0,0
42,25,AODV,0.0.0.0,0.0.0.0,0
42,26,AODV,0.0.0.0,0.0.0.0,0
42,27,AODV,0.0.0.0,0.0.0.0,0
42,28,AODV,0.0.0.0,0.0.0.0,0
42,29,AODV,0.0.0.0,0.0.0.0,0
42,30,AODV,0.0.0.0,0.0.0.0,0
42,31,AODV,0.0.0.0,0.0.0.0,0
42,32,AODV,0.0.0.0,0.0.0.0,0
42,33,AODV,0.0.0.0,0.0.0.0,0
42,34,AODV,0.0.0.0,0.0.0.0,0
43,0,AODV,0.0.0.0,0.0.0.0,0
43,1,AODV,0.0.0.0,0.0.0.0,0
43,2,AODV,0.0.0.0,0.0.0.0,0
43,3,AODV,0.0.0.0,0.0.0.0,0
43,4,AODV,0.0.0.0,0.0.0.0,0
43,5,AODV,0.0.0.0,0.0.0.0,0
43,6,AODV,0.0.0.0,0.0.0.0,0
43,7,AODV,0.0.0.0,0.0.0.0,0
43,8,AODV,0.0.0.0,0.0.0.0,0
43,9,AODV,0.0.0.0,0.0.0.0,0
43,10,AODV,0.0.0.0,0.0.0.0,0
43,11,AODV,0.0.0.0,0.0.0.0,0
43,12,AODV,0.0.0.0,0.0.0.0,0
43,13,AODV,0.0.0.0,0.0.0.0,0
43,14,AODV,0.0.0.0,0.0.0.0,0
43,15,AODV,0.0.0.0,0.0.0.0,0
43,16,AODV,0.0.0.0,0.0.0.0,0
43,17,AODV,0.0.0.0,0.0.0.0,0
43,18,AODV,0.0.0.0,0.0.0.0,0
43,19,AODV,0.0.0.0,0.0.0.0,0
43,20,AODV,0.0.0.0,0.0.0.0,0
43,21,AODV,0.0.0.0,0.0.0.0,0
43,22,AODV,0.0.0.0,0.0.0.0,0
43,23,AODV,0.0.0.0,0.0.0.0,0
43,24,AODV,0.0.0.0,0.0.0.0,0
43,25,AODV,0.0.0.0,0.0.0.0,0
43,26,AODV,0.0.0.0,0.0.0.0,0
43,27,AODV,0.0.0.0,0.0.0.0,0
43,28,AODV,0.0.0.0,0.0.0.0,0
43,29,AODV,0.0.0.0,0.0.0.0,0
43,30,AODV,0.0.0.0,0.0.0.0,0
43,31,AODV,0.0.0.0,0.0.0.0,0
43,32,AODV,0.0.0.0,0.0.0.0,0
43,33,AODV,0.0.0.0,0.0.0.0,0
43,34,AODV,0.0.0.0,0.0.0.0,0
44,0,AODV,0.0.0.0,0.0.0.0,0
44,1,AODV,0.0.0.0,0.0.0.0,0
44,2,AODV,0.0.0.0,0.0.0.0,0
44,3,AODV,0.0.0.0,0.0.0.0,0
44,4,AODV,0.0.0.0,0.0.0.0,0
44,5,AODV,0.0.0.0,0.0.0.0,0
44,6,AODV,0.0.0.0,0.0.0.0,0
44,7,AODV,0.0.0.0,0.0.0.0,0
44,8,AODV,0.0.0.0,0.0.0.0,0
44,9,AODV,0.0.0.0,0.0.0.0,0
44,10,AODV,0.0.0.0,0.0.0.0,0
44,11,AODV,0.0.0.0,0.0.0.0,0
44,12,AODV,0.0.0.0,0.0.0.0,0
44,13,AODV,0.0.0.0,0.0.0.0,0
44,14,AODV,0.0.0.0,0.0.0.0,0
44,15,AODV,0.0.0.0,0.0.0.0,0
44,16,AODV,0.0.0.0,0.0.0.0,0
44,17,AODV,0.0.0.0,0.0.0.0,0
44,18,AODV,0.0.0.0,0.0.0.0,0
44,19,AODV,0.0.0.0,0.0.0.0,0
44,20,AODV,0.0.0.0,0.0.0.0,0
44,21,AODV,0.0.0.0,0.0.0.0,0
44,22,AODV,0.0.0.0,0.0.0.0,0
44,23,AODV,0.0.0.0,0.0.0.0,0
44,24,AODV,0.0.0.0,0.0.0.0,0
44,25,AODV,0.0.0.0,0.0.0.0,0
44,26,AODV,0.0.0.0,0.0.0.0,0
44,27,AODV,0.0.0.0,0.0.0.0,0
44,28,AODV,0.0.0.0,0.0.0.0,0
44,29,AODV,0.0.0.0,0.0.0.0,0
44,30,AODV,0.0.0.0,0.0.0.0,0
44,31,AODV,0.0.0.0,0.0.0.0,0
44,32,AODV,0.0.0.0,0.0.0.0,0
44,33,AODV,0.0.0.0,0.0.0.0,0
44,34,AODV,0.0.0.0,0.0.0.0,0
45,0,AODV,0.0.0.0,0.0.0.0,0
45,1,AODV,0.0.0.0,0.0.0.0,0
45,2,AODV,0.0.0.0,0.0.0.0,0
45,3,AODV,0.0.0.0,0.0.0.0,0
45,4,AODV,0.0.0.0,0.0.0.0,0
45,5,AODV,0.0.0.0,0.0.0.0,0
45,6,AODV,0.0.0.0,0.0.0.0,0
45,7,AODV,0.0.0.0,0.0.0.0,0
45,8,AODV,0.0.0.0,0.0.0.0,0
45,9,AODV,0.0.0.0,0.0.0.0,0
45,10,AODV,0.0.0.0,0.0.0.0,0
45,11,AODV,0.0.0.0,0.0.0.0,0
45,12,AODV,0.0.0.0,0.0.0.0,0
45,13,AODV,0.0.0.0,0.0.0.0,0
45,14,AODV,0.0.0.0,0.0.0.0,0
45,15,AODV,0.0.0.0,0.0.0.0,0
45,16,AODV,0.0.0.0,0.0.0.0,0
45,17,AODV,0.0.0.0,0.0.0.0,0
45,18,AODV,0.0.0.0,0.0.0.0,0
45,19,AODV,0.0.0.0,0.0.0.0,0
45,20,AODV,0.0.0.0,0.0.0.0,0
45,21,AODV,0.0.0.0,0.0.0.0,0
45,22,AODV,0.0.0.0,0.0.0.0,0
45,23,AODV,0.0.0.0,0.0.0.0,0
45,24,AODV,0.0.0.0,0.0.0.0,0
45,25,AODV,0.0.0.0,0.0.0.0,0
45,26,AODV,0.0.0.0,0.0.0.0,0
45,27,AODV,0.0.0.0,0.0.0.0,0
45,28,AODV,0.0.0.0,0.0.0.0,0
45,29,AODV,0.0.0.0,0.0.0.0,0
45,30,AODV,0.0.0.0,0.0.0.0,0
45,31,AODV,0.0.0.0,0.0.0.0,0
45,32,AODV,0.0.0.0,0.0.0.0,0
45,33,AODV,0.0.0.0,0.0.0.0,0
45,34,AODV,0.0.0.0,0.0.0.0,0
46,0,AODV,0.0.0.0,0.0.0.0,0
46,1,AODV,0.0.0.0,0.0.0.0,0
46,2,AODV,0.0.0.0,0.0.0.0,0
46,3,AODV,0.0.0.0,0.0.0.0,0
46,4,AODV,0.0.0.0,0.0.0.0,0
46,5,AODV,0.0.0.0,0.0.0.0,0
46,6,AODV,0.0.0.0,0.0.0.0,0
46,7,AODV,0.0.0.0,0.0.0.0,0
46,8,AODV,0.0.0.0,0.0.0.0,0
46,9,AODV,0.0.0.0,0.0.0.0,0
46,10,AODV,0.0.0.0,0.0.0.0,0
46,11,AODV,0.0.0.0,0.0.0.0,0
46,12,AODV,0.0.0.0,0.0.0.0,0
46,13,AODV,0.0.0.0,0.0.0.0,0
46,14,AODV,0.0.0.0,0.0.0.0,0
46,15,AODV,0.0.0.0,0.0.0.0,0
46,16,AODV,0.0.0.0,0.0.0.0,0
46,17,AODV,0.0.0.0,0.0.0.0,0
46,18,AODV,0.0.0.0,0.0.0.0,0
46,19,AODV,0.0.0.0,0.0.0.0,0
46,20,AODV,0.0.0.0,0.0.0.0,0
46,21,AODV,0.0.0.0,0.0.0.0,0
46,22,AODV,0.0.0.0,0.0.0.0,0
46,23,AODV,0.0.0.0,0.0.0.0,0
46,24,AODV,0.0.0.0,0.0.0.0,0
46,25,AODV,0.0.0.0,0.0.0.0,0
46,26,AODV,0.0.0.0,0.0.0.0,0
46,27,AODV,0.0.0.0,0.0.0.0,0
46,28,AODV,0.0.0.0,0.0.0.0,0
46,29,AODV,0.0.0.0,0.0.0.0,0
46,30,AODV,0.0.0.0,0.0.0.0,0
46,31,AODV,0.0.0.0,0.0.0.0,0
46,32,AODV,0.0.0.0,0.0.0.0,0
46,33,AODV,0.0.0.0,0.0.0.0,0
46,34,AODV,0.0.0.0,0.0.0.0,0
47,0,AODV,0.0.0.0,0.0.0.0,0
47,1,AODV,0.0.0.0,0.0.0.0,0
47,2,AODV,0.0.0.0,0.0.0.0,0
47,3,AODV,0.0.0.0,0.0.0.0,0
47,4,AODV,0.0.0.0,0.0.0.0,0
47,5,AODV,0.0.0.0,0.0.0.0,0
47,6,AODV,0.0.0.0,0.0.0.0,0
47,7,AODV,0.0.0.0,0.0.0.0,0
47,8,AODV,0.0.0.0,0.0.0.0,0
47,9,AODV,0.0.0.0,0.0.0.0,0
47,10,AODV,0.0.0.0,0.0.0.0,0
47,11,AODV,0.0.0.0,0.0.0.0,0
47,12,AODV,0.0.0.0,0.0.0.0,0
47,13,AODV,0.0.0.0,0.0.0.0,0
47,14,AODV,0.0.0.0,0.0.0.0,0
47,15,AODV,0.0.0.0,0.0.0.0,0
47,16,AODV,0.0.0.0,0.0.0.0,0
47,17,AODV,0.0.0.0,0.0.0.0,0
47,18,AODV,0.0.0.0,0.0.0.0,0
47,19,AODV,0.0.0.0,0.0.0.0,0
47,20,AODV,0.0.0.0,0.0.0.0,0
47,21,AODV,0.0.0.0,0.0.0.0,0
47,22,AODV,0.0.0.0,0.0.0.0,0
47,23,AODV,0.0.0.0,0.0.0.0,0
47,24,AODV,0.0.0.0,0.0.0.0,0
47,25,AODV,0.0.0.0,0.0.0.0,0
47,26,AODV,0.0.0.0,0.0.0.0,0
47,27,AODV,0.0.0.0,0.0.0.0,0
47,28,AODV,0.0.0.0,0.0.0.0,0
47,29,AODV,0.0.0.0,0.0.0.0,0
47,30,AODV,0.0.0.0,0.0.0.0,0
47,31,AODV,0.0.0.0,0.0.0.0,0
47,32,AODV,0.0.0.0,0.0.0.0,0
47,33,AODV,0.0.0.0,0.0.0.0,0
47,34,AODV,0.0.0.0,0.0.0.0,0
48,0,AODV,0.0.0.0,0.0.0.0,0
48,1,AODV,0.0.0.0,0.0.0.0,0
48,2,AODV,0.0.0.0,0.0.0.0,0
48,3,AODV,0.0.0.0,0.0.0.0,0
48,4,AODV,0.0.0.0,0.0.0.0,0
48,5,AODV,0.0.0.0,0.0.0.0,0
48,6,AODV,0.0.0.0,0.0.0.0,0
48,7,AODV,0.0.0.0,0.0.0.0,0
48,8,AODV,0.0.0.0,0.0.0.0,0
48,9,AODV,0.0.0.0,0.0.0.0,0
48,10,AODV,0.0.0.0,0.0.0.0,0
48,11,AODV,0.0.0.0,0.0.0.0,0
48,12,AODV,0.0.0.0,0.0.0.0,0
48,13,AODV,0.0.0.0,0.0.0.0,0
48,14,AODV,0.0.0.0,0.0.0.0,0
48,15,AODV,0.0.0.0,0.0.0.0,0
48,16,AODV,0.0.0.0,0.0.0.0,0
48,17,AODV,0.0.0.0,0.0.0.0,0
48,18,AODV,0.0.0.0,0.0.0.0,0
48,19,AODV,0.0.0.0,0.0.0.0,0
48,20,AODV,0.0.0.0,0.0.0.0,0
48,21,AODV,0.0.0.0,0.0.0.0,0
48,22,AODV,0.0.0.0,0.0.0.0,0
48,23,AODV,0.0.0.0,0.0.0.0,0
48,24,AODV,0.0.0.0,0.0.0.0,0
48,25,AODV,0.0.0.0,0.0.0.0,0
48,26,AODV,0.0.0.0,0.0.0.0,0
48,27,AODV,0.0.0.0,0.0.0.0,0
48,28,AODV,0.0.0.0,0.0.0.0,0
48,29,AODV,0.0.0.0,0.0.0.0,0
48,30,AODV,0.0.0.0,0.0.0.0,0
48,31,AODV,0.0.0.0,0.0.0.0,0
48,32,AODV,0.0.0.0,0.0.0.0,0
48,33,AODV,0.0.0.0,0.0.0.0,0
48,34,AODV,0.0.0.0,0.0.0.0,0
49,0,AODV,0.0.0.0,0.0.0.0,0
49,1,AODV,0.0.0.0,0.0.0.0,0
49,2,AODV,0.0.0.0,0.0.0.0,0
49,3,AODV,0.0.0.0,0.0.0.0,0
49,4,AODV,0.0.0.0,0.0.0.0,0
49,5,AODV,0.0.0.0,0.0.0.0,0
49,6,AODV,0.0.0.0,0.0.0.0,0
49,7,AODV,0.0.0.0,0.0.0.0,0
49,8,AODV,0.0.0.0,0.0.0.0,0
49,9,AODV,0.0.0.0,0.0.0.0,0
49,10,AODV,0.0.0.0,0.0.0.0,0
49,11,AODV,0.0.0.0,0.0.0.0,0
49,12,AODV,0.0.0.0,0.0.0.0,0
49,13,AODV,0.0.0.0,0.0.0.0,0
49,14,AODV,0.0.0.0,0.0.0.0,0
49,15,AODV,0.0.0.0,0.0.0.0,0
49,16,AODV,0.0.0.0,0.0.0.0,0
49,17,AODV,0.0.0.0,0.0.0.0,0
49,18,AODV,0.0.0.0,0.0.0.0,0
49,19,AODV,0.0.0.0,0.0.0.0,0
49,20,AODV,0.0.0.0,0.0.0.0,0
49,21,AODV,0.0.0.0,0.0.0.0,0
49,22,AODV,0.0.0.0,0.0.0.0,0
49,23,AODV,0.0.0.0,0.0.0.0,0
49,24,AODV,0.0.0.0,0.0.0.0,0
49,25,AODV,0.0.0.0,0.0.0.0,0
49,26,AODV,0.0.0.0,0.0.0.0,0
49,27,AODV,0.0.0.0,0.0.0.0,0
49,28,AODV,0.0.0.0,0.0.0.0,0
49,29,AODV,0.0.0.0,0.0.0.0,0
49,30,AODV,0.0.0.0,0.0.0.0,0
49,31,AODV,0.0.0.0,0.0.0.0,0
49,32,AODV,0.0.0.0,0.0.0.0,0
49,33,AODV,0.0.0.0,0.0.0.0,0
49,34,AODV,0.0.0.0,0.0.0.0,0
50,0,AODV,0.0.0.0,0.0.0.0,0
50,1,AODV,0.0.0.0,0.0.0.0,0
50,2,AODV,0.0.0.0,0.0.0.0,0
50,3,AODV,0.0.0.0,0.0.0.0,0
50,4,AODV,0.0.0.0,0.0.0.0,0
50,5,AODV,0.0.0.0,0.0.0.0,0
50,6,AODV,0.0.0.0,0.0.0.0,0
50,7,AODV,0.0.0.0,0.0.0.0,0
50,8,AODV,0.0.0.0,0.0.0.0,0
50,9,AODV,0.0.0.0,0.0.0.0,0
50,10,AODV,0.0.0.0,0.0.0.0,0
50,11,AODV,0.0.0.0,0.0.0.0,0
50,12,AODV,0.0.0.0,0.0.0.0,0
50,13,AODV,0.0.0.0,0.0.0.0,0
50,14,AODV,0.0.0.0,0.0.0.0,0
50,15,AODV,0.0.0.0,0.0.0.0,0
50,16,AODV,0.0.0.0,0.0.0.0,0
50,17,AODV,0.0.0.0,0.0.0.0,0
50,18,AODV,0.0.0.0,0.0.0.0,0
50,19,AODV,0.0.0.0,0.0.0.0,0
50,20,AODV,0.0.0.0,0.0.0.0,0
50,21,AODV,0.0.0.0,0.0.0.0,0
50,22,AODV,0.0.0.0,0.0.0.0,0
50,23,AODV,0.0.0.0,0.0.0.0,0
50,24,AODV,0.0.0.0,0.0.0.0,0
50,25,AODV,0.0.0.0,0.0.0.0,0
50,26,AODV,0.0.0.0,0.0.0.0,0
50,27,AODV,0.0.0.0,0.0.0.0,0
50,28,AODV,0.0.0.0,0.0.0.0,0
50,29,AODV,0.0.0.0,0.0.0.0,0
50,30,AODV,0.0.0.0,0.0.0.0,0
50,31,AODV,0.0.0.0,0.0.0.0,0
50,32,AODV,0.0.0.0,0.0.0.0,0
50,33,AODV,0.0.0.0,0.0.0.0,0
50,34,AODV,0.0.0.0,0.0.0.0,0
51,0,AODV,0.0.0.0,0.0.0.0,0
51,1,AODV,0.0.0.0,0.0.0.0,0
51,2,AODV,0.0.0.0,0.0.0.0,0
51,3,AODV,0.0.0.0,0.0.0.0,0
51,4,AODV,0.0.0.0,0.0.0.0,0
51,5,AODV,0.0.0.0,0.0.0.0,0
51,6,AODV,0.0.0.0,0.0.0.0,0
51,7,AODV,0.0.0.0,0.0.0.0,0
51,8,AODV,0.0.0.0,0.0.0.0,0
51,9,AODV,0.0.0.0,0.0.0.0,0
51,10,AODV,0.0.0.0,0.0.0.0,0
51,11,AODV,0.0.0.0,0.0.0.0,0
51,12,AODV,0.0.0.0,0.0.0.0,0
51,13,AODV,0.0.0.0,0.0.0.0,0
51,14,AODV,0.0.0.0,0.0.0.0,0
51,15,AODV,0.0.0.0,0.0.0.0,0
51,16,AODV,0.0.0.0,0.0.0.0,0
51,17,AODV,0.0.0.0,0.0.0.0,0
51,18,AODV,0.0.0.0,0.0.0.0,0
51,19,AODV,0.0.0.0,0.0.0.0,0
51,20,AODV,0.0.0.0,0.0.0.0,0
51,21,AODV,0.0.0.0,0.0.0.0,0
51,22,AODV,0.0.0.0,0.0.0.0,0
51,23,AODV,0.0.0.0,0.0.0.0,0
51,24,AODV,0.0.0.0,0.0.0.0,0
51,25,AODV,0.0.0.0,0.0.0.0,0
51,26,AODV,0.0.0.0,0.0.0.0,0
51,27,AODV,0.0.0.0,0.0.0.0,0
51,28,AODV,0.0.0.0,0.0.0.0,0
51,29,AODV,0.0.0.0,0.0.0.0,0
51,30,AODV,0.0.0.0,0.0.0.0,0
51,31,AODV,0.0.0.0,0.0.0.0,0
51,32,AODV,0.0.0.0,0.0.0.0,0
51,33,AODV,0.0.0.0,0.0.0.0,0
51,34,AODV,0.0.0.0,0.0.0.0,0
52,0,AODV,0.0.0.0,0.0.0.0,0
52,1,AODV,0.0.0.0,0.0.0.0,0
52,2,AODV,0.0.0.0,0.0.0.0,0
52,3,AODV,0.0.0.0,0.0.0.0,0
52,4,AODV,0.0.0.0,0.0.0.0,0
52,5,AODV,0.0.0.0,0.0.0.0,0
52,6,AODV,0.0.0.0,0.0.0.0,0
52,7,AODV,0.0.0.0,0.0.0.0,0
52,8,AODV,0.0.0.0,0.0.0.0,0
52,9,AODV,0.0.0.0,0.0.0.0,0
52,10,AODV,0.0.0.0,0.0.0.0,0
52,11,AODV,0.0.0.0,0.0.0.0,0
52,12,AODV,0.0.0.0,0.0.0.0,0
52,13,AODV,0.0.0.0,0.0.0.0,0
52,14,AODV,0.0.0.0,0.0.0.0,0
52,15,AODV,0.0.0.0,0.0.0.0,0
52,16,AODV,0.0.0.0,0.0.0.0,0
52,17,AODV,0.0.0.0,0.0.0.0,0
52,18,AODV,0.0.0.0,0.0.0.0,0
52,19,AODV,0.0.0.0,0.0.0.0,0
52,20,AODV,0.0.0.0,0.0.0.0,0
52,21,AODV,0.0.0.0,0.0.0.0,0
52,22,AODV,0.0.0.0,0.0.0.0,0
52,23,AODV,0.0.0.0,0.0.0.0,0
52,24,AODV,0.0.0.0,0.0.0.0,0
52,25,AODV,0.0.0.0,0.0.0.0,0
52,26,AODV,0.0.0.0,0.0.0.0,0
52,27,AODV,0.0.0.0,0.0.0.0,0
52,28,AODV,0.0.0.0,0.0.0.0,0
52,29,AODV,0.0.0.0,0.0.0.0,0
52,30,AODV,0.0.0.0,0.0.0.0,0
52,31,AODV,0.0.0.0,0.0.0.0,0
52,32,AODV,0.0.0.0,0.0.0.0,0
52,33,AODV,0.0.0.0,0.0.0.0,0
52,34,AODV,0.0.0.0,0.0.0.0,0
53,0,AODV,0.0.0.0,0.0.0.0,0
53,1,AODV,0.0.0.0,0.0.0.0,0
53,2,AODV,0.0.0.0,0.0.0.0,0
53,3,AODV,0.0.0.0,0.0.0.0,0
53,4,AODV,0.0.0.0,0.0.0.0,0
53,5,AODV,0.0.0.0,0.0.0.0,0
53,6,AODV,0.0.0.0,0.0.0.0,0
53,7,AODV,0.0.0.0,0.0.0.0,0
53,8,AODV,0.0.0.0,0.0.0.0,0
53,9,AODV,0.0.0.0,0.0.0.0,0
53,10,AODV,0.0.0.0,0.0.0.0,0
53,11,AODV,0.0.0.0,0.0.0.0,0
53,12,AODV,0.0.0.0,0.0.0.0,0
53,13,AODV,0.0.0.0,0.0.0.0,0
53,14,AODV,0.0.0.0,0.0.0.0,0
53,15,AODV,0.0.0.0,0.0.0.0,0
53,16,AODV,0.0.0.0,0.0.0.0,0
53,17,AODV,0.0.0.0,0.0.0.0,0
53,18,AODV,0.0.0.0,0.0.0.0,0
53,19,AODV,0.0.0.0,0.0.0.0,0
53,20,AODV,0.0.0.0,0.0.0.0,0
53,21,AODV,0.0.0.0,0.0.0.0,0
53,22,AODV,0.0.0.0,0.0.0.0,0
53,23,AODV,0.0.0.0,0.0.0.0,0
53,24,AODV,0.0.0.0,0.0.0.0,0
53,25,AODV,0.0.0.0,0.0.0.0,0
53,26,AODV,0.0.0.0,0.0.0.0,0
53,27,AODV,0.0.0.0,0.0.0.0,0
53,28,AODV,0.0.0.0,0.0.0.0,0
53,29,AODV,0.0.0.0,0.0.0.0,0
53,30,AODV,0.0.0.0,0.0.0.0,0
53,31,AODV,0.0.0.0,0.0.0.0,0
53,32,AODV,0.0.0.0,0.0.0.0,0
53,33,AODV,0.0.0.0,0.0.0.0,0
53,34,AODV,0.0.0.0,0.0.0.0,0
54,0,AODV,0.0.0.0,0.0.0.0,0
54,1,AODV,0.0.0.0,0.0.0.0,0
54,2,AODV,0.0.0.0,0.0.0.0,0
54,3,AODV,0.0.0.0,0.0.0.0,0
54,4,AODV,0.0.0.0,0.0.0.0,0
54,5,AODV,0.0.0.0,0.0.0.0,0
54,6,AODV,0.0.0.0,0.0.0.0,0
54,7,AODV,0.0.0.0,0.0.0.0,0
54,8,AODV,0.0.0.0,0.0.0.0,0
54,9,AODV,0.0.0.0,0.0.0.0,0
54,10,AODV,0.0.0.0,0.0.0.0,0
54,11,AODV,0.0.0.0,0.0.0.0,0
54,12,AODV,0.0.0.0,0.0.0.0,0
54,13,AODV,0.0.0.0,0.0.0.0,0
54,14,AODV,0.0.0.0,0.0.0.0,0
54,15,AODV,0.0.0.0,0.0.0.0,0
54,16,AODV,0.0.0.0,0.0.0.0,0
54,17,AODV,0.0.0.0,0.0.0.0,0
54,18,AODV,0.0.0.0,0.0.0.0,0
54,19,AODV,0.0.0.0,0.0.0.0,0
54,20,AODV,0.0.0.0,0.0.0.0,0
54,21,AODV,0.0.0.0,0.0.0.0,0
54,22,AODV,0.0.0.0,0.0.0.0,0
54,23,AODV,0.0.0.0,0.0.0.0,0
54,24,AODV,0.0.0.0,0.0.0.0,0
54,25,AODV,0.0.0.0,0.0.0.0,0
54,26,AODV,0.0.0.0,0.0.0.0,0
54,27,AODV,0.0.0.0,0.0.0.0,0
54,28,AODV,0.0.0.0,0.0.0.0,0
54,29,AODV,0.0.0.0,0.0.0.0,0
54,30,AODV,0.0.0.0,0.0.0.0,0
54,31,AODV,0.0.0.0,0.0.0.0,0
54,32,AODV,0.0.0.0,0.0.0.0,0
54,33,AODV,0.0.0.0,0.0.0.0,0
54,34,AODV,0.0.0.0,0.0.0.0,0
55,0,AODV,0.0.0.0,0.0.0.0,0
55,1,AODV,0.0.0.0,0.0.0.0,0
55,2,AODV,0.0.0.0,0.0.0.0,0
55,3,AODV,0.0.0.0,0.0.0.0,0
55,4,AODV,0.0.0.0,0.0.0.0,0
55,5,AODV,0.0.0.0,0.0.0.0,0
55,6,AODV,0.0.0.0,0.0.0.0,0
55,7,AODV,0.0.0.0,0.0.0.0,0
55,8,AODV,0.0.0.0,0.0.0.0,0
55,9,AODV,0.0.0.0,0.0.0.0,0
55,10,AODV,0.0.0.0,0.0.0.0,0
55,11,AODV,0.0.0.0,0.0.0.0,0
55,12,AODV,0.0.0.0,0.0.0.0,0
55,13,AODV,0.0.0.0,0.0.0.0,0
55,14,AODV,0.0.0.0,0.0.0.0,0
55,15,AODV,0.0.0.0,0.0.0.0,0
55,16,AODV,0.0.0.0,0.0.0.0,0
55,17,AODV,0.0.0.0,0.0.0.0,0
55,18,AODV,0.0.0.0,0.0.0.0,0
55,19,AODV,0.0.0.0,0.0.0.0,0
55,20,AODV,0.0.0.0,0.0.0.0,0
55,21,AODV,0.0.0.0,0.0.0.0,0
55,22,AODV,0.0.0.0,0.0.0.0,0
55,23,AODV,0.0.0.0,0.0.0.0,0
55,24,AODV,0.0.0.0,0.0.0.0,0
55,25,AODV,0.0.0.0,0.0.0.0,0
55,26,AODV,0.0.0.0,0.0.0.0,0
55,27,AODV,0.0.0.0,0.0.0.0,0
55,28,AODV,0.0.0.0,0.0.0.0,0
55,29,AODV,0.0.0.0,0.0.0.0,0
55,30,AODV,0.0.0.0,0.0.0.0,0
55,31,AODV,0.0.0.0,0.0.0.0,0
55,32,AODV,0.0.0.0,0.0.0.0,0
55,33,AODV,0.0.0.0,0.0.0.0,0
55,34,AODV,0.0.0.0,0.0.0.0,0
56,0,AODV,0.0.0.0,0.0.0.0,0
56,1,AODV,0.0.0.0,0.0.0.0,0
56,2,AODV,0.0.0.0,0.0.0.0,0
56,3,AODV,0.0.0.0,0.0.0.0,0
56,4,AODV,0.0.0.0,0.0.0.0,0
56,5,AODV,0.0.0.0,0.0.0.0,0
56,6,AODV,0.0.0.0,0.0.0.0,0
56,7,AODV,0.0.0.0,0.0.0.0,0
56,8,AODV,0.0.0.0,0.0.0.0,0
56,9,AODV,0.0.0.0,0.0.0.0,0
56,10,AODV,0.0.0.0,0.0.0.0,0
56,11,AODV,0.0.0.0,0.0.0.0,0
56,12,AODV,0.0.0.0,0.0.0.0,0
56,13,AODV,0.0.0.0,0.0.0.0,0
56,14,AODV,0.0.0.0,0.0.0.0,0
56,15,AODV,0.0.0.0,0.0.0.0,0
56,16,AODV,0.0.0.0,0.0.0.0,0
56,17,AODV,0.0.0.0,0.0.0.0,0
56,18,AODV,0.0.0.0,0.0.0.0,0
56,19,AODV,0.0.0.0,0.0.0.0,0
56,20,AODV,0.0.0.0,0.0.0.0,0
56,21,AODV,0.0.0.0,0.0.0.0,0
56,22,AODV,0.0.0.0,0.0.0.0,0
56,23,AODV,0.0.0.0,0.0.0.0,0
56,24,AODV,0.0.0.0,0.0.0.0,0
56,25,AODV,0.0.0.0,0.0.0.0,0
56,26,AODV,0.0.0.0,0.0.0.0,0
56,27,AODV,0.0.0.0,0.0.0.0,0
56,28,AODV,0.0.0.0,0.0.0.0,0
56,29,AODV,0.0.0.0,0.0.0.0,0
56,30,AODV,0.0.0.0,0.0.0.0,0
56,31,AODV,0.0.0.0,0.0.0.0,0
56,32,AODV,0.0.0.0,0.0.0.0,0
56,33,AODV,0.0.0.0,0.0.0.0,0
56,34,AODV,0.0.0.0,0.0.0.0,0
57,0,AODV,0.0.0.0,0.0.0.0,0
57,1,AODV,0.0.0.0,0.0.0.0,0
57,2,AODV,0.0.0.0,0.0.0.0,0
57,3,AODV,0.0.0.0,0.0.0.0,0
57,4,AODV,0.0.0.0,0.0.0.0,0
57,5,AODV,0.0.0.0,0.0.0.0,0
57,6,AODV,0.0.0.0,0.0.0.0,0
57,7,AODV,0.0.0.0,0.0.0.0,0
57,8,AODV,0.0.0.0,0.0.0.0,0
57,9,AODV,0.0.0.0,0.0.0.0,0
57,10,AODV,0.0.0.0,0.0.0.0,0
57,11,AODV,0.0.0.0,0.0.0.0,0
57,12,AODV,0.0.0.0,0.0.0.0,0
57,13,AODV,0.0.0.0,0.0.0.0,0
57,14,AODV,0.0.0.0,0.0.0.0,0
57,15,AODV,0.0.0.0,0.0.0.0,0
57,16,AODV,0.0.0.0,0.0.0.0,0
57,17,AODV,0.0.0.0,0.0.0.0,0
57,18,AODV,0.0.0.0,0.0.0.0,0
57,19,AODV,0.0.0.0,0.0.0.0,0
57,20,AODV,0.0.0.0,0.0.0.0,0
57,21,AODV,0.0.0.0,0.0.0.0,0
57,22,AODV,0.0.0.0,0.0.0.0,0
57,23,AODV,0.0.0.0,0.0.0.0,0
57,24,AODV,0.0.0.0,0.0.0.0,0
57,25,AODV,0.0.0.0,0.0.0.0,0
57,26,AODV,0.0.0.0,0.0.0.0,0
57,27,AODV,0.0.0.0,0.0.0.0,0
57,28,AODV,0.0.0.0,0.0.0.0,0
57,29,AODV,0.0.0.0,0.0.0.0,0
57,30,AODV,0.0.0.0,0.0.0.0,0
57,31,AODV,0.0.0.0,0.0.0.0,0
57,32,AODV,0.0.0.0,0.0.0.0,0
57,33,AODV,0.0.0.0,0.0.0.0,0
57,34,AODV,0.0.0.0,0.0.0.0,0
58,0,AODV,0.0.0.0,0.0.0.0,0
58,1,AODV,0.0.0.0,0.0.0.0,0
58,2,AODV,0.0.0.0,0.0.0.0,0
58,3,AODV,0.0.0.0,0.0.0.0,0
58,4,AODV,0.0.0.0,0.0.0.0,0
58,5,AODV,0.0.0.0,0.0.0.0,0
58,6,AODV,0.0.0.0,0.0.0.0,0
58,7,AODV,0.0.0.0,0.0.0.0,0
58,8,AODV,0.0.0.0,0.0.0.0,0
58,9,AODV,0.0.0.0,0.0.0.0,0
58,10,AODV,0.0.0.0,0.0.0.0,0
58,11,AODV,0.0.0.0,0.0.0.0,0
58,12,AODV,0.0.0.0,0.0.0.0,0
58,13,AODV,0.0.0.0,0.0.0.0,0
58,14,AODV,0.0.0.0,0.0.0.0,0
58,15,AODV,0.0.0.0,0.0.0.0,0
58,16,AODV,0.0.0.0,0.0.0.0,0
58,17,AODV,0.0.0.0,0.0.0.0,0
58,18,AODV,0.0.0.0,0.0.0.0,0
58,19,AODV,0.0.0.0,0.0.0.0,0
58,20,AODV,0.0.0.0,0.0.0.0,0
58,21,AODV,0.0.0.0,0.0.0.0,0
58,22,AODV,0.0.0.0,0.0.0.0,0
58,23,AODV,0.0.0.0,0.0.0.0,0
58,24,AODV,0.0.0.0,0.0.0.0,0
58,25,AODV,0.0.0.0,0.0.0.0,0
58,26,AODV,0.0.0.0,0.0.0.0,0
58,27,AODV,0.0.0.0,0.0.0.0,0
58,28,AODV,0.0.0.0,0.0.0.0,0
58,29,AODV,0.0.0.0,0.0.0.0,0
58,30,AODV,0.0.0.0,0.0.0.0,0
58,31,AODV,0.0.0.0,0.0.0.0,0
58,32,AODV,0.0.0.0,0.0.0.0,0
58,33,AODV,0.0.0.0,0.0.0.0,0
58,34,AODV,0.0.0.0,0.0.0.0,0
59,0,AODV,0.0.0.0,0.0.0.0,0
59,1,AODV,0.0.0.0,0.0.0.0,0
59,2,AODV,0.0.0.0,0.0.0.0,0
59,3,AODV,0.0.0.0,0.0.0.0,0
59,4,AODV,0.0.0.0,0.0.0.0,0
59,5,AODV,0.0.0.0,0.0.0.0,0
59,6,AODV,0.0.0.0,0.0.0.0,0
59,7,AODV,0.0.0.0,0.0.0.0,0
59,8,AODV,0.0.0.0,0.0.0.0,0
59,9,AODV,0.0.0.0,0.0.0.0,0
59,10,AODV,0.0.0.0,0.0.0.0,0
59,11,AODV,0.0.0.0,0.0.0.0,0
59,12,AODV,0.0.0.0,0.0.0.0,0
59,13,AODV,0.0.0.0,0.0.0.0,0
59,14,AODV,0.0.0.0,0.0.0.0,0
59,15,AODV,0.0.0.0,0.0.0.0,0
59,16,AODV,0.0.0.0,0.0.0.0,0
59,17,AODV,0.0.0.0,0.0.0.0,0
59,18,AODV,0.0.0.0,0.0.0.0,0
59,19,AODV,0.0.0.0,0.0.0.0,0
59,20,AODV,0.0.0.0,0.0.0.0,0
59,21,AODV,0.0.0.0,0.0.0.0,0
59,22,AODV,0.0.0.0,0.0.0.0,0
59,23,AODV,0.0.0.0,0.0.0.0,0
59,24,AODV,0.0.0.0,0.0.0.0,0
59,25,AODV,0.0.0.0,0.0.0.0,0
59,26,AODV,0.0.0.0,0.0.0.0,0
59,27,AODV,0.0.0.0,0.0.0.0,0
59,28,AODV,0.0.0.0,0.0.0.0,0
59,29,AODV,0.0.0.0,0.0.0.0,0
59,30,AODV,0.0.0.0,0.0.0.0,0
59,31,AODV,0.0.0.0,0.0.0.0,0
59,32,AODV,0.0.0.0,0.0.0.0,0
59,33,AODV,0.0.0.0,0.0.0.0,0
59,34,AODV,0.0.0.0,0.0.0.0,0
